date,day,category,ktp_rate,ktp_status,ktp_units,discovery_member_rate,discovery_status,market,ktp_vs_market_%,action
2026-09-29,Tue,2BR Chalet,,not open,0,152.1,open,152.1,,
2026-09-29,Tue,2BR Chalet Upgraded,,not open,0,170.1,open,170.1,,
2026-09-29,Tue,3BR Chalet,,not open,0,170.1,open,,,
2026-09-29,Tue,Powered Camper Trailer Site,,not open,0,33.3,open,33.3,,
2026-09-29,Tue,Powered Caravan Site,,not open,0,33.3,open,33.3,,
2026-09-29,Tue,Cedar Cabin,,not open,0,91.8,open,91.8,,
2026-09-29,Tue,Powered Motorhome Site,,not open,0,33.3,open,33.3,,
2026-09-29,Tue,Unpowered Tent Site,,not open,0,24.3,open,24.3,,
2026-09-30,Wed,2BR Chalet,,not open,0,141.3,open,141.3,,
2026-09-30,Wed,2BR Chalet Upgraded,,not open,0,159.3,open,159.3,,
2026-09-30,Wed,3BR Chalet,,not open,0,159.3,open,,,
2026-09-30,Wed,Powered Camper Trailer Site,,not open,0,35.1,open,35.1,,
2026-09-30,Wed,Powered Caravan Site,,not open,0,35.1,open,35.1,,
2026-09-30,Wed,Cedar Cabin,,not open,0,90.9,open,90.9,,
2026-09-30,Wed,Powered Motorhome Site,,not open,0,35.1,open,35.1,,
2026-09-30,Wed,Unpowered Tent Site,,not open,0,26.1,open,26.1,,
2026-10-01,Thu,2BR Chalet,,not open,0,144.0,open,144.0,,
2026-10-01,Thu,2BR Chalet Upgraded,,not open,0,162.0,open,162.0,,
2026-10-01,Thu,3BR Chalet,,not open,0,162.0,open,,,
2026-10-01,Thu,Powered Camper Trailer Site,,not open,0,27.9,open,27.9,,
2026-10-01,Thu,Powered Caravan Site,,not open,0,27.9,open,27.9,,
2026-10-01,Thu,Cedar Cabin,,not open,0,88.2,open,88.2,,
2026-10-01,Thu,Powered Motorhome Site,,not open,0,27.9,open,27.9,,
2026-10-01,Thu,Unpowered Tent Site,,not open,0,18.9,open,18.9,,
2026-10-02,Fri,2BR Chalet,,not open,0,225.0,open,225.0,,
2026-10-02,Fri,2BR Chalet Upgraded,,not open,0,,not open,,,
2026-10-02,Fri,3BR Chalet,,not open,0,,not open,,,
2026-10-02,Fri,Powered Camper Trailer Site,,not open,0,40.5,open,40.5,,
2026-10-02,Fri,Powered Caravan Site,,not open,0,40.5,open,40.5,,
2026-10-02,Fri,Cedar Cabin,,not open,0,84.6,open,84.6,,
2026-10-02,Fri,Powered Motorhome Site,,not open,0,40.5,open,40.5,,
2026-10-02,Fri,Unpowered Tent Site,,not open,0,31.5,open,31.5,,
2026-10-03,Sat,2BR Chalet,,not open,0,225.0,open,225.0,,
2026-10-03,Sat,2BR Chalet Upgraded,,not open,0,,not open,,,
2026-10-03,Sat,3BR Chalet,,not open,0,,not open,,,
2026-10-03,Sat,Powered Camper Trailer Site,,not open,0,40.5,open,40.5,,
2026-10-03,Sat,Powered Caravan Site,,not open,0,40.5,open,40.5,,
2026-10-03,Sat,Cedar Cabin,,sold out,0,87.3,open,87.3,,
2026-10-03,Sat,Powered Motorhome Site,,not open,0,40.5,open,40.5,,
2026-10-03,Sat,Unpowered Tent Site,,not open,0,31.5,open,31.5,,
2026-10-04,Sun,2BR Chalet,,sold out,0,225.9,open,225.9,,
2026-10-04,Sun,2BR Chalet Upgraded,,not open,0,,not open,,,
2026-10-04,Sun,3BR Chalet,,not open,0,,not open,,,
2026-10-04,Sun,Powered Camper Trailer Site,,not open,0,40.5,open,40.5,,
2026-10-04,Sun,Powered Caravan Site,,not open,0,40.5,open,40.5,,
2026-10-04,Sun,Cedar Cabin,,not open,0,90.0,open,90.0,,
2026-10-04,Sun,Powered Motorhome Site,,not open,0,40.5,open,40.5,,
2026-10-04,Sun,Unpowered Tent Site,,not open,0,31.5,open,31.5,,
2026-10-05,Mon,2BR Chalet,,not open,0,146.7,open,146.7,,
2026-10-05,Mon,2BR Chalet Upgraded,,not open,0,164.7,open,164.7,,
2026-10-05,Mon,3BR Chalet,,not open,0,164.7,open,,,
2026-10-05,Mon,Powered Camper Trailer Site,,not open,0,28.8,open,28.8,,
2026-10-05,Mon,Powered Caravan Site,,not open,0,28.8,open,28.8,,
2026-10-05,Mon,Cedar Cabin,,not open,0,93.6,open,93.6,,
2026-10-05,Mon,Powered Motorhome Site,,not open,0,28.8,open,28.8,,
2026-10-05,Mon,Unpowered Tent Site,,not open,0,19.8,open,19.8,,
2026-10-06,Tue,2BR Chalet,,not open,0,134.1,open,134.1,,
2026-10-06,Tue,2BR Chalet Upgraded,,not open,0,152.1,open,152.1,,
2026-10-06,Tue,3BR Chalet,,not open,0,152.1,open,,,
2026-10-06,Tue,Powered Camper Trailer Site,,not open,0,30.6,open,30.6,,
2026-10-06,Tue,Powered Caravan Site,,not open,0,30.6,open,30.6,,
2026-10-06,Tue,Cedar Cabin,,not open,0,90.0,open,90.0,,
2026-10-06,Tue,Powered Motorhome Site,,not open,0,30.6,open,30.6,,
2026-10-06,Tue,Unpowered Tent Site,,not open,0,21.6,open,21.6,,
2026-10-07,Wed,2BR Chalet,,not open,0,146.7,open,146.7,,
2026-10-07,Wed,2BR Chalet Upgraded,,not open,0,164.7,open,164.7,,
2026-10-07,Wed,3BR Chalet,,not open,0,164.7,open,,,
2026-10-07,Wed,Powered Camper Trailer Site,,not open,0,29.7,open,29.7,,
2026-10-07,Wed,Powered Caravan Site,,not open,0,29.7,open,29.7,,
2026-10-07,Wed,Cedar Cabin,,not open,0,89.1,open,89.1,,
2026-10-07,Wed,Powered Motorhome Site,,not open,0,29.7,open,29.7,,
2026-10-07,Wed,Unpowered Tent Site,,not open,0,20.7,open,20.7,,
2026-10-08,Thu,2BR Chalet,,not open,0,152.1,open,152.1,,
2026-10-08,Thu,2BR Chalet Upgraded,,not open,0,170.1,open,170.1,,
2026-10-08,Thu,3BR Chalet,,not open,0,170.1,open,,,
2026-10-08,Thu,Powered Camper Trailer Site,,not open,0,30.6,open,30.6,,
2026-10-08,Thu,Powered Caravan Site,,not open,0,30.6,open,30.6,,
2026-10-08,Thu,Cedar Cabin,,not open,0,90.9,open,90.9,,
2026-10-08,Thu,Powered Motorhome Site,,not open,0,30.6,open,30.6,,
2026-10-08,Thu,Unpowered Tent Site,,not open,0,21.6,open,21.6,,
2026-10-09,Fri,2BR Chalet,,not open,0,158.4,open,158.4,,
2026-10-09,Fri,2BR Chalet Upgraded,,not open,0,176.4,open,176.4,,
2026-10-09,Fri,3BR Chalet,,not open,0,176.4,open,,,
2026-10-09,Fri,Powered Camper Trailer Site,,not open,0,36.0,open,36.0,,
2026-10-09,Fri,Powered Caravan Site,,not open,0,36.0,open,36.0,,
2026-10-09,Fri,Cedar Cabin,,not open,0,107.1,open,107.1,,
2026-10-09,Fri,Powered Motorhome Site,,not open,0,36.0,open,36.0,,
2026-10-09,Fri,Unpowered Tent Site,,not open,0,27.0,open,27.0,,
2026-10-10,Sat,2BR Chalet,,not open,0,147.6,open,147.6,,
2026-10-10,Sat,2BR Chalet Upgraded,,not open,0,165.6,open,165.6,,
2026-10-10,Sat,3BR Chalet,,not open,0,165.6,open,,,
2026-10-10,Sat,Powered Camper Trailer Site,,not open,0,36.0,open,36.0,,
2026-10-10,Sat,Powered Caravan Site,,not open,0,36.0,open,36.0,,
2026-10-10,Sat,Cedar Cabin,,not open,0,108.9,open,108.9,,
2026-10-10,Sat,Powered Motorhome Site,,not open,0,36.0,open,36.0,,
2026-10-10,Sat,Unpowered Tent Site,,not open,0,27.0,open,27.0,,
2026-10-11,Sun,2BR Chalet,,not open,0,134.1,open,134.1,,
2026-10-11,Sun,2BR Chalet Upgraded,,not open,0,152.1,open,152.1,,
2026-10-11,Sun,3BR Chalet,,not open,0,152.1,open,,,
2026-10-11,Sun,Powered Camper Trailer Site,,not open,0,30.6,open,30.6,,
2026-10-11,Sun,Powered Caravan Site,,not open,0,30.6,open,30.6,,
2026-10-11,Sun,Cedar Cabin,,not open,0,91.8,open,91.8,,
2026-10-11,Sun,Powered Motorhome Site,,not open,0,30.6,open,30.6,,
2026-10-11,Sun,Unpowered Tent Site,,not open,0,21.6,open,21.6,,
2026-10-12,Mon,2BR Chalet,,not open,0,134.1,open,134.1,,
2026-10-12,Mon,2BR Chalet Upgraded,,not open,0,152.1,open,152.1,,
2026-10-12,Mon,3BR Chalet,,not open,0,152.1,open,,,
2026-10-12,Mon,Powered Camper Trailer Site,,not open,0,29.7,open,29.7,,
2026-10-12,Mon,Powered Caravan Site,,not open,0,29.7,open,29.7,,
2026-10-12,Mon,Cedar Cabin,,not open,0,90.9,open,90.9,,
2026-10-12,Mon,Powered Motorhome Site,,not open,0,29.7,open,29.7,,
2026-10-12,Mon,Unpowered Tent Site,,not open,0,20.7,open,20.7,,
2026-10-13,Tue,2BR Chalet,,not open,0,135.0,open,135.0,,
2026-10-13,Tue,2BR Chalet Upgraded,,not open,0,153.0,open,153.0,,
2026-10-13,Tue,3BR Chalet,,not open,0,153.0,open,,,
2026-10-13,Tue,Powered Camper Trailer Site,,not open,0,29.7,open,29.7,,
2026-10-13,Tue,Powered Caravan Site,,not open,0,29.7,open,29.7,,
2026-10-13,Tue,Cedar Cabin,,not open,0,90.0,open,90.0,,
2026-10-13,Tue,Powered Motorhome Site,,not open,0,29.7,open,29.7,,
2026-10-13,Tue,Unpowered Tent Site,,not open,0,20.7,open,20.7,,
2026-10-14,Wed,2BR Chalet,,not open,0,,not open,,,
2026-10-14,Wed,2BR Chalet Upgraded,,not open,0,152.1,open,152.1,,
2026-10-14,Wed,3BR Chalet,,not open,0,152.1,open,,,
2026-10-14,Wed,Powered Camper Trailer Site,,not open,0,29.7,open,29.7,,
2026-10-14,Wed,Powered Caravan Site,,not open,0,29.7,open,29.7,,
2026-10-14,Wed,Cedar Cabin,,not open,0,90.0,open,90.0,,
2026-10-14,Wed,Powered Motorhome Site,,not open,0,29.7,open,29.7,,
2026-10-14,Wed,Unpowered Tent Site,,not open,0,20.7,open,20.7,,
2026-10-15,Thu,2BR Chalet,,not open,0,145.8,open,145.8,,
2026-10-15,Thu,2BR Chalet Upgraded,,not open,0,163.8,open,163.8,,
2026-10-15,Thu,3BR Chalet,,not open,0,163.8,open,,,
2026-10-15,Thu,Powered Camper Trailer Site,,not open,0,30.6,open,30.6,,
2026-10-15,Thu,Powered Caravan Site,,not open,0,30.6,open,30.6,,
2026-10-15,Thu,Cedar Cabin,,not open,0,91.8,open,91.8,,
2026-10-15,Thu,Powered Motorhome Site,,not open,0,30.6,open,30.6,,
2026-10-15,Thu,Unpowered Tent Site,,not open,0,21.6,open,21.6,,
2026-10-16,Fri,2BR Chalet,,not open,0,158.4,open,158.4,,
2026-10-16,Fri,2BR Chalet Upgraded,,not open,0,176.4,open,176.4,,
2026-10-16,Fri,3BR Chalet,,not open,0,176.4,open,,,
2026-10-16,Fri,Powered Camper Trailer Site,,not open,0,31.5,open,31.5,,
2026-10-16,Fri,Powered Caravan Site,,not open,0,31.5,open,31.5,,
2026-10-16,Fri,Cedar Cabin,,not open,0,108.9,open,108.9,,
2026-10-16,Fri,Powered Motorhome Site,,not open,0,31.5,open,31.5,,
2026-10-16,Fri,Unpowered Tent Site,,not open,0,22.5,open,22.5,,
2026-10-17,Sat,2BR Chalet,,not open,0,169.2,open,169.2,,
2026-10-17,Sat,2BR Chalet Upgraded,,not open,0,187.2,open,187.2,,
2026-10-17,Sat,3BR Chalet,,not open,0,187.2,open,,,
2026-10-17,Sat,Powered Camper Trailer Site,,not open,0,32.4,open,32.4,,
2026-10-17,Sat,Powered Caravan Site,,not open,0,32.4,open,32.4,,
2026-10-17,Sat,Cedar Cabin,,not open,0,109.8,open,109.8,,
2026-10-17,Sat,Powered Motorhome Site,,not open,0,32.4,open,32.4,,
2026-10-17,Sat,Unpowered Tent Site,,not open,0,23.4,open,23.4,,
2026-10-18,Sun,2BR Chalet,,not open,0,139.5,open,139.5,,
2026-10-18,Sun,2BR Chalet Upgraded,,not open,0,157.5,open,157.5,,
2026-10-18,Sun,3BR Chalet,,not open,0,157.5,open,,,
2026-10-18,Sun,Powered Camper Trailer Site,,not open,0,27.9,open,27.9,,
2026-10-18,Sun,Powered Caravan Site,,not open,0,27.9,open,27.9,,
2026-10-18,Sun,Cedar Cabin,,not open,0,94.5,open,94.5,,
2026-10-18,Sun,Powered Motorhome Site,,not open,0,27.9,open,27.9,,
2026-10-18,Sun,Unpowered Tent Site,,not open,0,18.9,open,18.9,,
2026-10-19,Mon,2BR Chalet,,not open,0,134.1,open,134.1,,
2026-10-19,Mon,2BR Chalet Upgraded,,not open,0,152.1,open,152.1,,
2026-10-19,Mon,3BR Chalet,,not open,0,152.1,open,,,
2026-10-19,Mon,Powered Camper Trailer Site,,not open,0,30.6,open,30.6,,
2026-10-19,Mon,Powered Caravan Site,,not open,0,30.6,open,30.6,,
2026-10-19,Mon,Cedar Cabin,,not open,0,92.7,open,92.7,,
2026-10-19,Mon,Powered Motorhome Site,,not open,0,30.6,open,30.6,,
2026-10-19,Mon,Unpowered Tent Site,,not open,0,21.6,open,21.6,,
2026-10-20,Tue,2BR Chalet,,not open,0,136.8,open,136.8,,
2026-10-20,Tue,2BR Chalet Upgraded,,not open,0,154.8,open,154.8,,
2026-10-20,Tue,3BR Chalet,,not open,0,154.8,open,,,
2026-10-20,Tue,Powered Camper Trailer Site,,not open,0,29.7,open,29.7,,
2026-10-20,Tue,Powered Caravan Site,,not open,0,29.7,open,29.7,,
2026-10-20,Tue,Cedar Cabin,,not open,0,92.7,open,92.7,,
2026-10-20,Tue,Powered Motorhome Site,,not open,0,29.7,open,29.7,,
2026-10-20,Tue,Unpowered Tent Site,,not open,0,20.7,open,20.7,,
2026-10-21,Wed,2BR Chalet,,not open,0,138.6,open,138.6,,
2026-10-21,Wed,2BR Chalet Upgraded,,not open,0,156.6,open,156.6,,
2026-10-21,Wed,3BR Chalet,,not open,0,156.6,open,,,
2026-10-21,Wed,Powered Camper Trailer Site,,not open,0,30.6,open,30.6,,
2026-10-21,Wed,Powered Caravan Site,,not open,0,30.6,open,30.6,,
2026-10-21,Wed,Cedar Cabin,,not open,0,91.8,open,91.8,,
2026-10-21,Wed,Powered Motorhome Site,,not open,0,30.6,open,30.6,,
2026-10-21,Wed,Unpowered Tent Site,,not open,0,21.6,open,21.6,,
2026-10-22,Thu,2BR Chalet,,not open,0,150.3,open,150.3,,
2026-10-22,Thu,2BR Chalet Upgraded,,not open,0,168.3,open,168.3,,
2026-10-22,Thu,3BR Chalet,,not open,0,168.3,open,,,
2026-10-22,Thu,Powered Camper Trailer Site,,not open,0,27.9,open,27.9,,
2026-10-22,Thu,Powered Caravan Site,,not open,0,27.9,open,27.9,,
2026-10-22,Thu,Cedar Cabin,,not open,0,93.6,open,93.6,,
2026-10-22,Thu,Powered Motorhome Site,,not open,0,27.9,open,27.9,,
2026-10-22,Thu,Unpowered Tent Site,,not open,0,18.9,open,18.9,,
2026-10-23,Fri,2BR Chalet,,not open,0,158.4,open,158.4,,
2026-10-23,Fri,2BR Chalet Upgraded,,not open,0,176.4,open,176.4,,
2026-10-23,Fri,3BR Chalet,,not open,0,176.4,open,,,
2026-10-23,Fri,Powered Camper Trailer Site,,not open,0,33.3,open,33.3,,
2026-10-23,Fri,Powered Caravan Site,,not open,0,33.3,open,33.3,,
2026-10-23,Fri,Cedar Cabin,,not open,0,110.7,open,110.7,,
2026-10-23,Fri,Powered Motorhome Site,,not open,0,33.3,open,33.3,,
2026-10-23,Fri,Unpowered Tent Site,,not open,0,24.3,open,24.3,,
2026-10-24,Sat,2BR Chalet,,not open,0,167.4,open,167.4,,
2026-10-24,Sat,2BR Chalet Upgraded,,not open,0,185.4,open,185.4,,
2026-10-24,Sat,3BR Chalet,,not open,0,185.4,open,,,
2026-10-24,Sat,Powered Camper Trailer Site,,not open,0,33.3,open,33.3,,
2026-10-24,Sat,Powered Caravan Site,,not open,0,33.3,open,33.3,,
2026-10-24,Sat,Cedar Cabin,,not open,0,111.6,open,111.6,,
2026-10-24,Sat,Powered Motorhome Site,,not open,0,33.3,open,33.3,,
2026-10-24,Sat,Unpowered Tent Site,,not open,0,24.3,open,24.3,,
2026-10-25,Sun,2BR Chalet,,not open,0,137.7,open,137.7,,
2026-10-25,Sun,2BR Chalet Upgraded,,not open,0,155.7,open,155.7,,
2026-10-25,Sun,3BR Chalet,,not open,0,155.7,open,,,
2026-10-25,Sun,Powered Camper Trailer Site,,not open,0,27.9,open,27.9,,
2026-10-25,Sun,Powered Caravan Site,,not open,0,27.9,open,27.9,,
2026-10-25,Sun,Cedar Cabin,,not open,0,96.3,open,96.3,,
2026-10-25,Sun,Powered Motorhome Site,,not open,0,27.9,open,27.9,,
2026-10-25,Sun,Unpowered Tent Site,,not open,0,18.9,open,18.9,,
2026-10-26,Mon,2BR Chalet,,not open,0,136.8,open,136.8,,
2026-10-26,Mon,2BR Chalet Upgraded,,not open,0,154.8,open,154.8,,
2026-10-26,Mon,3BR Chalet,,not open,0,154.8,open,,,
2026-10-26,Mon,Powered Camper Trailer Site,,not open,0,31.5,open,31.5,,
2026-10-26,Mon,Powered Caravan Site,,not open,0,31.5,open,31.5,,
2026-10-26,Mon,Cedar Cabin,,not open,0,95.4,open,95.4,,
2026-10-26,Mon,Powered Motorhome Site,,not open,0,31.5,open,31.5,,
2026-10-26,Mon,Unpowered Tent Site,,not open,0,22.5,open,22.5,,
2026-10-27,Tue,2BR Chalet,,not open,0,136.8,open,136.8,,
2026-10-27,Tue,2BR Chalet Upgraded,,not open,0,154.8,open,154.8,,
2026-10-27,Tue,3BR Chalet,,not open,0,154.8,open,,,
2026-10-27,Tue,Powered Camper Trailer Site,,not open,0,27.0,open,27.0,,
2026-10-27,Tue,Powered Caravan Site,,not open,0,27.0,open,27.0,,
2026-10-27,Tue,Cedar Cabin,,not open,0,94.5,open,94.5,,
2026-10-27,Tue,Powered Motorhome Site,,not open,0,27.0,open,27.0,,
2026-10-27,Tue,Unpowered Tent Site,,not open,0,18.0,open,18.0,,
2026-10-28,Wed,2BR Chalet,,not open,0,144.0,open,144.0,,
2026-10-28,Wed,2BR Chalet Upgraded,,not open,0,162.0,open,162.0,,
2026-10-28,Wed,3BR Chalet,,not open,0,162.0,open,,,
2026-10-28,Wed,Powered Camper Trailer Site,,not open,0,27.0,open,27.0,,
2026-10-28,Wed,Powered Caravan Site,,not open,0,27.0,open,27.0,,
2026-10-28,Wed,Cedar Cabin,,not open,0,96.3,open,96.3,,
2026-10-28,Wed,Powered Motorhome Site,,not open,0,27.0,open,27.0,,
2026-10-28,Wed,Unpowered Tent Site,,not open,0,18.0,open,18.0,,
2026-10-29,Thu,2BR Chalet,,not open,0,152.1,open,152.1,,
2026-10-29,Thu,2BR Chalet Upgraded,,not open,0,170.1,open,170.1,,
2026-10-29,Thu,3BR Chalet,,not open,0,170.1,open,,,
2026-10-29,Thu,Powered Camper Trailer Site,,not open,0,27.9,open,27.9,,
2026-10-29,Thu,Powered Caravan Site,,not open,0,27.9,open,27.9,,
2026-10-29,Thu,Cedar Cabin,,not open,0,97.2,open,97.2,,
2026-10-29,Thu,Powered Motorhome Site,,not open,0,27.9,open,27.9,,
2026-10-29,Thu,Unpowered Tent Site,,not open,0,18.9,open,18.9,,
2026-10-30,Fri,2BR Chalet,,not open,0,163.8,open,163.8,,
2026-10-30,Fri,2BR Chalet Upgraded,,not open,0,181.8,open,181.8,,
2026-10-30,Fri,3BR Chalet,,not open,0,181.8,open,,,
2026-10-30,Fri,Powered Camper Trailer Site,,not open,0,33.3,open,33.3,,
2026-10-30,Fri,Powered Caravan Site,,not open,0,33.3,open,33.3,,
2026-10-30,Fri,Cedar Cabin,,not open,0,103.5,open,103.5,,
2026-10-30,Fri,Powered Motorhome Site,,not open,0,33.3,open,33.3,,
2026-10-30,Fri,Unpowered Tent Site,,not open,0,24.3,open,24.3,,
2026-10-31,Sat,2BR Chalet,,not open,0,151.2,open,151.2,,
2026-10-31,Sat,2BR Chalet Upgraded,,not open,0,169.2,open,169.2,,
2026-10-31,Sat,3BR Chalet,,not open,0,169.2,open,,,
2026-10-31,Sat,Powered Camper Trailer Site,,not open,0,33.3,open,33.3,,
2026-10-31,Sat,Powered Caravan Site,,not open,0,33.3,open,33.3,,
2026-10-31,Sat,Cedar Cabin,,not open,0,105.3,open,105.3,,
2026-10-31,Sat,Powered Motorhome Site,,not open,0,33.3,open,33.3,,
2026-10-31,Sat,Unpowered Tent Site,,not open,0,24.3,open,24.3,,
2026-11-01,Sun,2BR Chalet,,not open,0,137.7,open,137.7,,
2026-11-01,Sun,2BR Chalet Upgraded,,not open,0,155.7,open,155.7,,
2026-11-01,Sun,3BR Chalet,,not open,0,155.7,open,,,
2026-11-01,Sun,Powered Camper Trailer Site,,not open,0,27.9,open,27.9,,
2026-11-01,Sun,Powered Caravan Site,,not open,0,27.9,open,27.9,,
2026-11-01,Sun,Cedar Cabin,,not open,0,95.4,open,95.4,,
2026-11-01,Sun,Powered Motorhome Site,,not open,0,27.9,open,27.9,,
2026-11-01,Sun,Unpowered Tent Site,,not open,0,18.9,open,18.9,,
2026-11-02,Mon,2BR Chalet,,not open,0,149.4,open,149.4,,
2026-11-02,Mon,2BR Chalet Upgraded,,not open,0,167.4,open,167.4,,
2026-11-02,Mon,3BR Chalet,,not open,0,167.4,open,,,
2026-11-02,Mon,Powered Camper Trailer Site,,not open,0,27.0,open,27.0,,
2026-11-02,Mon,Powered Caravan Site,,not open,0,27.0,open,27.0,,
2026-11-02,Mon,Cedar Cabin,,not open,0,96.3,open,96.3,,
2026-11-02,Mon,Powered Motorhome Site,,not open,0,27.0,open,27.0,,
2026-11-02,Mon,Unpowered Tent Site,,not open,0,18.0,open,18.0,,
2026-11-03,Tue,2BR Chalet,,not open,0,149.4,open,149.4,,
2026-11-03,Tue,2BR Chalet Upgraded,,not open,0,167.4,open,167.4,,
2026-11-03,Tue,3BR Chalet,,not open,0,167.4,open,,,
2026-11-03,Tue,Powered Camper Trailer Site,,not open,0,30.6,open,30.6,,
2026-11-03,Tue,Powered Caravan Site,,not open,0,30.6,open,30.6,,
2026-11-03,Tue,Cedar Cabin,,not open,0,97.2,open,97.2,,
2026-11-03,Tue,Powered Motorhome Site,,not open,0,30.6,open,30.6,,
2026-11-03,Tue,Unpowered Tent Site,,not open,0,21.6,open,21.6,,
2026-11-04,Wed,2BR Chalet,,not open,0,152.1,open,152.1,,
2026-11-04,Wed,2BR Chalet Upgraded,,not open,0,170.1,open,170.1,,
2026-11-04,Wed,3BR Chalet,,not open,0,170.1,open,,,
2026-11-04,Wed,Powered Camper Trailer Site,,not open,0,30.6,open,30.6,,
2026-11-04,Wed,Powered Caravan Site,,not open,0,30.6,open,30.6,,
2026-11-04,Wed,Cedar Cabin,,not open,0,85.5,open,85.5,,
2026-11-04,Wed,Powered Motorhome Site,,not open,0,30.6,open,30.6,,
2026-11-04,Wed,Unpowered Tent Site,,not open,0,21.6,open,21.6,,
2026-11-05,Thu,2BR Chalet,,not open,0,137.7,open,137.7,,
2026-11-05,Thu,2BR Chalet Upgraded,,not open,0,155.7,open,155.7,,
2026-11-05,Thu,3BR Chalet,,not open,0,155.7,open,,,
2026-11-05,Thu,Powered Camper Trailer Site,,not open,0,27.9,open,27.9,,
2026-11-05,Thu,Powered Caravan Site,,not open,0,27.9,open,27.9,,
2026-11-05,Thu,Cedar Cabin,,not open,0,87.3,open,87.3,,
2026-11-05,Thu,Powered Motorhome Site,,not open,0,27.9,open,27.9,,
2026-11-05,Thu,Unpowered Tent Site,,not open,0,18.9,open,18.9,,
2026-11-06,Fri,2BR Chalet,,not open,0,163.8,open,163.8,,
2026-11-06,Fri,2BR Chalet Upgraded,,not open,0,181.8,open,181.8,,
2026-11-06,Fri,3BR Chalet,,not open,0,181.8,open,,,
2026-11-06,Fri,Powered Camper Trailer Site,,not open,0,33.3,open,33.3,,
2026-11-06,Fri,Powered Caravan Site,,not open,0,33.3,open,33.3,,
2026-11-06,Fri,Cedar Cabin,,not open,0,115.2,open,115.2,,
2026-11-06,Fri,Powered Motorhome Site,,not open,0,33.3,open,33.3,,
2026-11-06,Fri,Unpowered Tent Site,,not open,0,24.3,open,24.3,,
2026-11-07,Sat,2BR Chalet,,not open,0,168.3,open,168.3,,
2026-11-07,Sat,2BR Chalet Upgraded,,not open,0,186.3,open,186.3,,
2026-11-07,Sat,3BR Chalet,,not open,0,186.3,open,,,
2026-11-07,Sat,Powered Camper Trailer Site,,not open,0,33.3,open,33.3,,
2026-11-07,Sat,Powered Caravan Site,,not open,0,33.3,open,33.3,,
2026-11-07,Sat,Cedar Cabin,,not open,0,115.2,open,115.2,,
2026-11-07,Sat,Powered Motorhome Site,,not open,0,33.3,open,33.3,,
2026-11-07,Sat,Unpowered Tent Site,,not open,0,24.3,open,24.3,,
2026-11-08,Sun,2BR Chalet,,not open,0,143.1,open,143.1,,
2026-11-08,Sun,2BR Chalet Upgraded,,not open,0,161.1,open,161.1,,
2026-11-08,Sun,3BR Chalet,,not open,0,161.1,open,,,
2026-11-08,Sun,Powered Camper Trailer Site,,not open,0,27.9,open,27.9,,
2026-11-08,Sun,Powered Caravan Site,,not open,0,27.9,open,27.9,,
2026-11-08,Sun,Cedar Cabin,,not open,0,88.2,open,88.2,,
2026-11-08,Sun,Powered Motorhome Site,,not open,0,27.9,open,27.9,,
2026-11-08,Sun,Unpowered Tent Site,,not open,0,18.9,open,18.9,,
2026-11-09,Mon,2BR Chalet,,not open,0,150.3,open,150.3,,
2026-11-09,Mon,2BR Chalet Upgraded,,not open,0,168.3,open,168.3,,
2026-11-09,Mon,3BR Chalet,,not open,0,168.3,open,,,
2026-11-09,Mon,Powered Camper Trailer Site,,not open,0,31.5,open,31.5,,
2026-11-09,Mon,Powered Caravan Site,,not open,0,31.5,open,31.5,,
2026-11-09,Mon,Cedar Cabin,,not open,0,88.2,open,88.2,,
2026-11-09,Mon,Powered Motorhome Site,,not open,0,31.5,open,31.5,,
2026-11-09,Mon,Unpowered Tent Site,,not open,0,22.5,open,22.5,,
2026-11-10,Tue,2BR Chalet,,not open,0,146.7,open,146.7,,
2026-11-10,Tue,2BR Chalet Upgraded,,not open,0,164.7,open,164.7,,
2026-11-10,Tue,3BR Chalet,,not open,0,164.7,open,,,
2026-11-10,Tue,Powered Camper Trailer Site,,not open,0,27.0,open,27.0,,
2026-11-10,Tue,Powered Caravan Site,,not open,0,27.0,open,27.0,,
2026-11-10,Tue,Cedar Cabin,,not open,0,87.3,open,87.3,,
2026-11-10,Tue,Powered Motorhome Site,,not open,0,27.0,open,27.0,,
2026-11-10,Tue,Unpowered Tent Site,,not open,0,18.0,open,18.0,,
2026-11-11,Wed,2BR Chalet,,not open,0,152.1,open,152.1,,
2026-11-11,Wed,2BR Chalet Upgraded,,not open,0,170.1,open,170.1,,
2026-11-11,Wed,3BR Chalet,,not open,0,170.1,open,,,
2026-11-11,Wed,Powered Camper Trailer Site,,not open,0,27.0,open,27.0,,
2026-11-11,Wed,Powered Caravan Site,,not open,0,27.0,open,27.0,,
2026-11-11,Wed,Cedar Cabin,,not open,0,87.3,open,87.3,,
2026-11-11,Wed,Powered Motorhome Site,,not open,0,27.0,open,27.0,,
2026-11-11,Wed,Unpowered Tent Site,,not open,0,18.0,open,18.0,,
2026-11-12,Thu,2BR Chalet,,not open,0,137.7,open,137.7,,
2026-11-12,Thu,2BR Chalet Upgraded,,not open,0,155.7,open,155.7,,
2026-11-12,Thu,3BR Chalet,,not open,0,155.7,open,,,
2026-11-12,Thu,Powered Camper Trailer Site,,not open,0,27.9,open,27.9,,
2026-11-12,Thu,Powered Caravan Site,,not open,0,27.9,open,27.9,,
2026-11-12,Thu,Cedar Cabin,,not open,0,88.2,open,88.2,,
2026-11-12,Thu,Powered Motorhome Site,,not open,0,27.9,open,27.9,,
2026-11-12,Thu,Unpowered Tent Site,,not open,0,18.9,open,18.9,,
2026-11-13,Fri,2BR Chalet,,not open,0,165.6,open,165.6,,
2026-11-13,Fri,2BR Chalet Upgraded,,not open,0,183.6,open,183.6,,
2026-11-13,Fri,3BR Chalet,,not open,0,183.6,open,,,
2026-11-13,Fri,Powered Camper Trailer Site,,not open,0,33.3,open,33.3,,
2026-11-13,Fri,Powered Caravan Site,,not open,0,33.3,open,33.3,,
2026-11-13,Fri,Cedar Cabin,,not open,0,116.1,open,116.1,,
2026-11-13,Fri,Powered Motorhome Site,,not open,0,33.3,open,33.3,,
2026-11-13,Fri,Unpowered Tent Site,,not open,0,24.3,open,24.3,,
2026-11-14,Sat,2BR Chalet,,not open,0,170.1,open,170.1,,
2026-11-14,Sat,2BR Chalet Upgraded,,not open,0,188.1,open,188.1,,
2026-11-14,Sat,3BR Chalet,,not open,0,188.1,open,,,
2026-11-14,Sat,Powered Camper Trailer Site,,not open,0,33.3,open,33.3,,
2026-11-14,Sat,Powered Caravan Site,,not open,0,33.3,open,33.3,,
2026-11-14,Sat,Cedar Cabin,,not open,0,116.1,open,116.1,,
2026-11-14,Sat,Powered Motorhome Site,,not open,0,33.3,open,33.3,,
2026-11-14,Sat,Unpowered Tent Site,,not open,0,24.3,open,24.3,,
2026-11-15,Sun,2BR Chalet,,not open,0,144.0,open,144.0,,
2026-11-15,Sun,2BR Chalet Upgraded,,not open,0,162.0,open,162.0,,
2026-11-15,Sun,3BR Chalet,,not open,0,162.0,open,,,
2026-11-15,Sun,Powered Camper Trailer Site,,not open,0,33.3,open,33.3,,
2026-11-15,Sun,Powered Caravan Site,,not open,0,33.3,open,33.3,,
2026-11-15,Sun,Cedar Cabin,,not open,0,89.1,open,89.1,,
2026-11-15,Sun,Powered Motorhome Site,,not open,0,33.3,open,33.3,,
2026-11-15,Sun,Unpowered Tent Site,,not open,0,24.3,open,24.3,,
2026-11-16,Mon,2BR Chalet,,not open,0,152.1,open,152.1,,
2026-11-16,Mon,2BR Chalet Upgraded,,not open,0,170.1,open,170.1,,
2026-11-16,Mon,3BR Chalet,,not open,0,170.1,open,,,
2026-11-16,Mon,Powered Camper Trailer Site,,not open,0,27.0,open,27.0,,
2026-11-16,Mon,Powered Caravan Site,,not open,0,27.0,open,27.0,,
2026-11-16,Mon,Cedar Cabin,,not open,0,87.3,open,87.3,,
2026-11-16,Mon,Powered Motorhome Site,,not open,0,27.0,open,27.0,,
2026-11-16,Mon,Unpowered Tent Site,,not open,0,18.0,open,18.0,,
2026-11-17,Tue,2BR Chalet,,not open,0,151.2,open,151.2,,
2026-11-17,Tue,2BR Chalet Upgraded,,not open,0,169.2,open,169.2,,
2026-11-17,Tue,3BR Chalet,,not open,0,169.2,open,,,
2026-11-17,Tue,Powered Camper Trailer Site,,not open,0,30.6,open,30.6,,
2026-11-17,Tue,Powered Caravan Site,,not open,0,30.6,open,30.6,,
2026-11-17,Tue,Cedar Cabin,,not open,0,87.3,open,87.3,,
2026-11-17,Tue,Powered Motorhome Site,,not open,0,30.6,open,30.6,,
2026-11-17,Tue,Unpowered Tent Site,,not open,0,21.6,open,21.6,,
2026-11-18,Wed,2BR Chalet,,not open,0,134.1,open,134.1,,
2026-11-18,Wed,2BR Chalet Upgraded,,not open,0,152.1,open,152.1,,
2026-11-18,Wed,3BR Chalet,,not open,0,152.1,open,,,
2026-11-18,Wed,Powered Camper Trailer Site,,not open,0,30.6,open,30.6,,
2026-11-18,Wed,Powered Caravan Site,,not open,0,30.6,open,30.6,,
2026-11-18,Wed,Cedar Cabin,,not open,0,90.9,open,90.9,,
2026-11-18,Wed,Powered Motorhome Site,,not open,0,30.6,open,30.6,,
2026-11-18,Wed,Unpowered Tent Site,,not open,0,21.6,open,21.6,,
2026-11-19,Thu,2BR Chalet,,not open,0,138.6,open,138.6,,
2026-11-19,Thu,2BR Chalet Upgraded,,not open,0,156.6,open,156.6,,
2026-11-19,Thu,3BR Chalet,,not open,0,156.6,open,,,
2026-11-19,Thu,Powered Camper Trailer Site,,not open,0,31.5,open,31.5,,
2026-11-19,Thu,Powered Caravan Site,,not open,0,31.5,open,31.5,,
2026-11-19,Thu,Cedar Cabin,,not open,0,96.3,open,96.3,,
2026-11-19,Thu,Powered Motorhome Site,,not open,0,31.5,open,31.5,,
2026-11-19,Thu,Unpowered Tent Site,,not open,0,22.5,open,22.5,,
2026-11-20,Fri,2BR Chalet,,not open,0,170.1,open,170.1,,
2026-11-20,Fri,2BR Chalet Upgraded,,not open,0,188.1,open,188.1,,
2026-11-20,Fri,3BR Chalet,,not open,0,188.1,open,,,
2026-11-20,Fri,Powered Camper Trailer Site,,not open,0,33.3,open,33.3,,
2026-11-20,Fri,Powered Caravan Site,,not open,0,33.3,open,33.3,,
2026-11-20,Fri,Cedar Cabin,,not open,0,115.2,open,115.2,,
2026-11-20,Fri,Powered Motorhome Site,,not open,0,33.3,open,33.3,,
2026-11-20,Fri,Unpowered Tent Site,,not open,0,24.3,open,24.3,,
2026-11-21,Sat,2BR Chalet,,not open,0,170.1,open,170.1,,
2026-11-21,Sat,2BR Chalet Upgraded,,not open,0,188.1,open,188.1,,
2026-11-21,Sat,3BR Chalet,,not open,0,188.1,open,,,
2026-11-21,Sat,Powered Camper Trailer Site,,not open,0,33.3,open,33.3,,
2026-11-21,Sat,Powered Caravan Site,,not open,0,33.3,open,33.3,,
2026-11-21,Sat,Cedar Cabin,,not open,0,116.1,open,116.1,,
2026-11-21,Sat,Powered Motorhome Site,,not open,0,33.3,open,33.3,,
2026-11-21,Sat,Unpowered Tent Site,,not open,0,24.3,open,24.3,,
2026-11-22,Sun,2BR Chalet,,not open,0,152.1,open,152.1,,
2026-11-22,Sun,2BR Chalet Upgraded,,not open,0,170.1,open,170.1,,
2026-11-22,Sun,3BR Chalet,,not open,0,170.1,open,,,
2026-11-22,Sun,Powered Camper Trailer Site,,not open,0,27.9,open,27.9,,
2026-11-22,Sun,Powered Caravan Site,,not open,0,27.9,open,27.9,,
2026-11-22,Sun,Cedar Cabin,,not open,0,98.1,open,98.1,,
2026-11-22,Sun,Powered Motorhome Site,,not open,0,27.9,open,27.9,,
2026-11-22,Sun,Unpowered Tent Site,,not open,0,18.9,open,18.9,,
2026-11-23,Mon,2BR Chalet,,not open,0,152.1,open,152.1,,
2026-11-23,Mon,2BR Chalet Upgraded,,not open,0,170.1,open,170.1,,
2026-11-23,Mon,3BR Chalet,,not open,0,170.1,open,,,
2026-11-23,Mon,Powered Camper Trailer Site,,not open,0,30.6,open,30.6,,
2026-11-23,Mon,Powered Caravan Site,,not open,0,30.6,open,30.6,,
2026-11-23,Mon,Cedar Cabin,,not open,0,87.3,open,87.3,,
2026-11-23,Mon,Powered Motorhome Site,,not open,0,30.6,open,30.6,,
2026-11-23,Mon,Unpowered Tent Site,,not open,0,21.6,open,21.6,,
2026-11-24,Tue,2BR Chalet,,not open,0,152.1,open,152.1,,
2026-11-24,Tue,2BR Chalet Upgraded,,not open,0,170.1,open,170.1,,
2026-11-24,Tue,3BR Chalet,,not open,0,170.1,open,,,
2026-11-24,Tue,Powered Camper Trailer Site,,not open,0,27.9,open,27.9,,
2026-11-24,Tue,Powered Caravan Site,,not open,0,27.9,open,27.9,,
2026-11-24,Tue,Cedar Cabin,,not open,0,86.4,open,86.4,,
2026-11-24,Tue,Powered Motorhome Site,,not open,0,27.9,open,27.9,,
2026-11-24,Tue,Unpowered Tent Site,,not open,0,18.9,open,18.9,,
2026-11-25,Wed,2BR Chalet,,sold out,0,,not open,,,
2026-11-25,Wed,2BR Chalet Upgraded,,sold out,0,,not open,,,
2026-11-25,Wed,3BR Chalet,,sold out,0,,not open,,,
2026-11-25,Wed,Powered Camper Trailer Site,,not open,0,,not open,,,
2026-11-25,Wed,Powered Caravan Site,,not open,0,27.0,open,27.0,,
2026-11-25,Wed,Cedar Cabin,,not open,0,95.4,open,95.4,,
2026-11-25,Wed,Powered Motorhome Site,,not open,0,,not open,,,
2026-11-25,Wed,Unpowered Tent Site,,not open,0,18.0,open,18.0,,
2026-11-26,Thu,2BR Chalet,,sold out,0,,not open,,,
2026-11-26,Thu,2BR Chalet Upgraded,,sold out,0,,not open,,,
2026-11-26,Thu,3BR Chalet,,sold out,0,,not open,,,
2026-11-26,Thu,Powered Camper Trailer Site,,not open,0,,not open,,,
2026-11-26,Thu,Powered Caravan Site,,not open,0,,not open,,,
2026-11-26,Thu,Cedar Cabin,,sold out,0,,not open,,,
2026-11-26,Thu,Powered Motorhome Site,,not open,0,,not open,,,
2026-11-26,Thu,Unpowered Tent Site,,not open,0,53.1,open,53.1,,
2026-11-27,Fri,2BR Chalet,,sold out,0,405.0,open,405.0,,
2026-11-27,Fri,2BR Chalet Upgraded,,sold out,0,,not open,,,
2026-11-27,Fri,3BR Chalet,,sold out,0,,not open,,,
2026-11-27,Fri,Powered Camper Trailer Site,,not open,0,62.1,open,62.1,,
2026-11-27,Fri,Powered Caravan Site,,not open,0,62.1,open,62.1,,
2026-11-27,Fri,Cedar Cabin,,not open,0,,not open,,,
2026-11-27,Fri,Powered Motorhome Site,,not open,0,62.1,open,62.1,,
2026-11-27,Fri,Unpowered Tent Site,,not open,0,53.1,open,53.1,,
2026-11-28,Sat,2BR Chalet,,sold out,0,405.0,open,405.0,,
2026-11-28,Sat,2BR Chalet Upgraded,,not open,0,423.0,open,423.0,,
2026-11-28,Sat,3BR Chalet,,sold out,0,423.0,open,,,
2026-11-28,Sat,Powered Camper Trailer Site,,not open,0,62.1,open,62.1,,
2026-11-28,Sat,Powered Caravan Site,,not open,0,62.1,open,62.1,,
2026-11-28,Sat,Cedar Cabin,,not open,0,99.0,open,99.0,,
2026-11-28,Sat,Powered Motorhome Site,,not open,0,62.1,open,62.1,,
2026-11-28,Sat,Unpowered Tent Site,,not open,0,53.1,open,53.1,,
2026-11-29,Sun,2BR Chalet,,not open,0,405.0,open,405.0,,
2026-11-29,Sun,2BR Chalet Upgraded,,not open,0,423.0,open,423.0,,
2026-11-29,Sun,3BR Chalet,,not open,0,423.0,open,,,
2026-11-29,Sun,Powered Camper Trailer Site,,not open,0,62.1,open,62.1,,
2026-11-29,Sun,Powered Caravan Site,,not open,0,62.1,open,62.1,,
2026-11-29,Sun,Cedar Cabin,,not open,0,99.0,open,99.0,,
2026-11-29,Sun,Powered Motorhome Site,,not open,0,62.1,open,62.1,,
2026-11-29,Sun,Unpowered Tent Site,,not open,0,53.1,open,53.1,,
2026-11-30,Mon,2BR Chalet,,not open,0,134.1,open,134.1,,
2026-11-30,Mon,2BR Chalet Upgraded,,not open,0,152.1,open,152.1,,
2026-11-30,Mon,3BR Chalet,,not open,0,152.1,open,,,
2026-11-30,Mon,Powered Camper Trailer Site,,not open,0,27.0,open,27.0,,
2026-11-30,Mon,Powered Caravan Site,,not open,0,27.0,open,27.0,,
2026-11-30,Mon,Cedar Cabin,,not open,0,90.0,open,90.0,,
2026-11-30,Mon,Powered Motorhome Site,,not open,0,27.0,open,27.0,,
2026-11-30,Mon,Unpowered Tent Site,,not open,0,18.0,open,18.0,,
2026-12-01,Tue,2BR Chalet,,not open,0,134.1,open,134.1,,
2026-12-01,Tue,2BR Chalet Upgraded,,not open,0,152.1,open,152.1,,
2026-12-01,Tue,3BR Chalet,,not open,0,152.1,open,,,
2026-12-01,Tue,Powered Camper Trailer Site,,not open,0,27.0,open,27.0,,
2026-12-01,Tue,Powered Caravan Site,,not open,0,27.0,open,27.0,,
2026-12-01,Tue,Cedar Cabin,,not open,0,82.8,open,82.8,,
2026-12-01,Tue,Powered Motorhome Site,,not open,0,27.0,open,27.0,,
2026-12-01,Tue,Unpowered Tent Site,,not open,0,18.0,open,18.0,,
2026-12-02,Wed,2BR Chalet,,not open,0,134.1,open,134.1,,
2026-12-02,Wed,2BR Chalet Upgraded,,not open,0,152.1,open,152.1,,
2026-12-02,Wed,3BR Chalet,,not open,0,152.1,open,,,
2026-12-02,Wed,Powered Camper Trailer Site,,not open,0,31.5,open,31.5,,
2026-12-02,Wed,Powered Caravan Site,,not open,0,31.5,open,31.5,,
2026-12-02,Wed,Cedar Cabin,,not open,0,81.0,open,81.0,,
2026-12-02,Wed,Powered Motorhome Site,,not open,0,31.5,open,31.5,,
2026-12-02,Wed,Unpowered Tent Site,,not open,0,22.5,open,22.5,,
2026-12-03,Thu,2BR Chalet,,not open,0,144.9,open,144.9,,
2026-12-03,Thu,2BR Chalet Upgraded,,not open,0,162.9,open,162.9,,
2026-12-03,Thu,3BR Chalet,,not open,0,162.9,open,,,
2026-12-03,Thu,Powered Camper Trailer Site,,not open,0,32.4,open,32.4,,
2026-12-03,Thu,Powered Caravan Site,,not open,0,32.4,open,32.4,,
2026-12-03,Thu,Cedar Cabin,,not open,0,89.1,open,89.1,,
2026-12-03,Thu,Powered Motorhome Site,,not open,0,32.4,open,32.4,,
2026-12-03,Thu,Unpowered Tent Site,,not open,0,23.4,open,23.4,,
2026-12-04,Fri,2BR Chalet,,not open,0,162.9,open,162.9,,
2026-12-04,Fri,2BR Chalet Upgraded,,not open,0,180.9,open,180.9,,
2026-12-04,Fri,3BR Chalet,,not open,0,180.9,open,,,
2026-12-04,Fri,Powered Camper Trailer Site,,not open,0,40.5,open,40.5,,
2026-12-04,Fri,Powered Caravan Site,,not open,0,40.5,open,40.5,,
2026-12-04,Fri,Cedar Cabin,,not open,0,106.2,open,106.2,,
2026-12-04,Fri,Powered Motorhome Site,,not open,0,40.5,open,40.5,,
2026-12-04,Fri,Unpowered Tent Site,,not open,0,31.5,open,31.5,,
2026-12-05,Sat,2BR Chalet,,not open,0,162.9,open,162.9,,
2026-12-05,Sat,2BR Chalet Upgraded,,not open,0,180.9,open,180.9,,
2026-12-05,Sat,3BR Chalet,,not open,0,180.9,open,,,
2026-12-05,Sat,Powered Camper Trailer Site,,not open,0,36.0,open,36.0,,
2026-12-05,Sat,Powered Caravan Site,,not open,0,36.0,open,36.0,,
2026-12-05,Sat,Cedar Cabin,,not open,0,105.3,open,105.3,,
2026-12-05,Sat,Powered Motorhome Site,,not open,0,36.0,open,36.0,,
2026-12-05,Sat,Unpowered Tent Site,,not open,0,27.0,open,27.0,,
2026-12-06,Sun,2BR Chalet,,not open,0,134.1,open,134.1,,
2026-12-06,Sun,2BR Chalet Upgraded,,not open,0,152.1,open,152.1,,
2026-12-06,Sun,3BR Chalet,,not open,0,152.1,open,,,
2026-12-06,Sun,Powered Camper Trailer Site,,not open,0,29.7,open,29.7,,
2026-12-06,Sun,Powered Caravan Site,,not open,0,29.7,open,29.7,,
2026-12-06,Sun,Cedar Cabin,,not open,0,88.2,open,88.2,,
2026-12-06,Sun,Powered Motorhome Site,,not open,0,29.7,open,29.7,,
2026-12-06,Sun,Unpowered Tent Site,,not open,0,20.7,open,20.7,,
2026-12-07,Mon,2BR Chalet,,not open,0,137.7,open,137.7,,
2026-12-07,Mon,2BR Chalet Upgraded,,not open,0,155.7,open,155.7,,
2026-12-07,Mon,3BR Chalet,,not open,0,155.7,open,,,
2026-12-07,Mon,Powered Camper Trailer Site,,not open,0,33.3,open,33.3,,
2026-12-07,Mon,Powered Caravan Site,,not open,0,33.3,open,33.3,,
2026-12-07,Mon,Cedar Cabin,,not open,0,86.4,open,86.4,,
2026-12-07,Mon,Powered Motorhome Site,,not open,0,33.3,open,33.3,,
2026-12-07,Mon,Unpowered Tent Site,,not open,0,24.3,open,24.3,,
2026-12-08,Tue,2BR Chalet,,not open,0,134.1,open,134.1,,
2026-12-08,Tue,2BR Chalet Upgraded,,not open,0,152.1,open,152.1,,
2026-12-08,Tue,3BR Chalet,,not open,0,152.1,open,,,
2026-12-08,Tue,Powered Camper Trailer Site,,not open,0,33.3,open,33.3,,
2026-12-08,Tue,Powered Caravan Site,,not open,0,33.3,open,33.3,,
2026-12-08,Tue,Cedar Cabin,,not open,0,84.6,open,84.6,,
2026-12-08,Tue,Powered Motorhome Site,,not open,0,33.3,open,33.3,,
2026-12-08,Tue,Unpowered Tent Site,,not open,0,24.3,open,24.3,,
2026-12-09,Wed,2BR Chalet,,not open,0,134.1,open,134.1,,
2026-12-09,Wed,2BR Chalet Upgraded,,not open,0,152.1,open,152.1,,
2026-12-09,Wed,3BR Chalet,,not open,0,152.1,open,,,
2026-12-09,Wed,Powered Camper Trailer Site,,not open,0,32.4,open,32.4,,
2026-12-09,Wed,Powered Caravan Site,,not open,0,32.4,open,32.4,,
2026-12-09,Wed,Cedar Cabin,,not open,0,84.6,open,84.6,,
2026-12-09,Wed,Powered Motorhome Site,,not open,0,32.4,open,32.4,,
2026-12-09,Wed,Unpowered Tent Site,,not open,0,23.4,open,23.4,,
2026-12-10,Thu,2BR Chalet,,not open,0,146.7,open,146.7,,
2026-12-10,Thu,2BR Chalet Upgraded,,not open,0,164.7,open,164.7,,
2026-12-10,Thu,3BR Chalet,,not open,0,164.7,open,,,
2026-12-10,Thu,Powered Camper Trailer Site,,not open,0,34.2,open,34.2,,
2026-12-10,Thu,Powered Caravan Site,,not open,0,34.2,open,34.2,,
2026-12-10,Thu,Cedar Cabin,,not open,0,84.6,open,84.6,,
2026-12-10,Thu,Powered Motorhome Site,,not open,0,34.2,open,34.2,,
2026-12-10,Thu,Unpowered Tent Site,,not open,0,25.2,open,25.2,,
2026-12-11,Fri,2BR Chalet,,not open,0,163.8,open,163.8,,
2026-12-11,Fri,2BR Chalet Upgraded,,not open,0,181.8,open,181.8,,
2026-12-11,Fri,3BR Chalet,,not open,0,181.8,open,,,
2026-12-11,Fri,Powered Camper Trailer Site,,not open,0,36.0,open,36.0,,
2026-12-11,Fri,Powered Caravan Site,,not open,0,36.0,open,36.0,,
2026-12-11,Fri,Cedar Cabin,,not open,0,103.5,open,103.5,,
2026-12-11,Fri,Powered Motorhome Site,,not open,0,36.0,open,36.0,,
2026-12-11,Fri,Unpowered Tent Site,,not open,0,27.0,open,27.0,,
2026-12-12,Sat,2BR Chalet,,not open,0,163.8,open,163.8,,
2026-12-12,Sat,2BR Chalet Upgraded,,not open,0,181.8,open,181.8,,
2026-12-12,Sat,3BR Chalet,,not open,0,181.8,open,,,
2026-12-12,Sat,Powered Camper Trailer Site,,not open,0,36.9,open,36.9,,
2026-12-12,Sat,Powered Caravan Site,,not open,0,36.9,open,36.9,,
2026-12-12,Sat,Cedar Cabin,,not open,0,103.5,open,103.5,,
2026-12-12,Sat,Powered Motorhome Site,,not open,0,36.9,open,36.9,,
2026-12-12,Sat,Unpowered Tent Site,,not open,0,27.9,open,27.9,,
2026-12-13,Sun,2BR Chalet,,not open,0,134.1,open,134.1,,
2026-12-13,Sun,2BR Chalet Upgraded,,not open,0,152.1,open,152.1,,
2026-12-13,Sun,3BR Chalet,,not open,0,152.1,open,,,
2026-12-13,Sun,Powered Camper Trailer Site,,not open,0,30.6,open,30.6,,
2026-12-13,Sun,Powered Caravan Site,,not open,0,30.6,open,30.6,,
2026-12-13,Sun,Cedar Cabin,,not open,0,98.1,open,98.1,,
2026-12-13,Sun,Powered Motorhome Site,,not open,0,30.6,open,30.6,,
2026-12-13,Sun,Unpowered Tent Site,,not open,0,21.6,open,21.6,,
2026-12-14,Mon,2BR Chalet,,not open,0,134.1,open,134.1,,
2026-12-14,Mon,2BR Chalet Upgraded,,not open,0,152.1,open,152.1,,
2026-12-14,Mon,3BR Chalet,,not open,0,152.1,open,,,
2026-12-14,Mon,Powered Camper Trailer Site,,not open,0,34.2,open,34.2,,
2026-12-14,Mon,Powered Caravan Site,,not open,0,34.2,open,34.2,,
2026-12-14,Mon,Cedar Cabin,,not open,0,83.7,open,83.7,,
2026-12-14,Mon,Powered Motorhome Site,,not open,0,34.2,open,34.2,,
2026-12-14,Mon,Unpowered Tent Site,,not open,0,25.2,open,25.2,,
2026-12-15,Tue,2BR Chalet,,not open,0,135.0,open,135.0,,
2026-12-15,Tue,2BR Chalet Upgraded,,not open,0,153.0,open,153.0,,
2026-12-15,Tue,3BR Chalet,,not open,0,153.0,open,,,
2026-12-15,Tue,Powered Camper Trailer Site,,not open,0,33.3,open,33.3,,
2026-12-15,Tue,Powered Caravan Site,,not open,0,33.3,open,33.3,,
2026-12-15,Tue,Cedar Cabin,,not open,0,82.8,open,82.8,,
2026-12-15,Tue,Powered Motorhome Site,,not open,0,33.3,open,33.3,,
2026-12-15,Tue,Unpowered Tent Site,,not open,0,24.3,open,24.3,,
2026-12-16,Wed,2BR Chalet,,not open,0,134.1,open,134.1,,
2026-12-16,Wed,2BR Chalet Upgraded,,not open,0,152.1,open,152.1,,
2026-12-16,Wed,3BR Chalet,,not open,0,152.1,open,,,
2026-12-16,Wed,Powered Camper Trailer Site,,not open,0,27.9,open,27.9,,
2026-12-16,Wed,Powered Caravan Site,,not open,0,27.9,open,27.9,,
2026-12-16,Wed,Cedar Cabin,,not open,0,82.8,open,82.8,,
2026-12-16,Wed,Powered Motorhome Site,,not open,0,27.9,open,27.9,,
2026-12-16,Wed,Unpowered Tent Site,,not open,0,18.9,open,18.9,,
2026-12-17,Thu,2BR Chalet,,not open,0,134.1,open,134.1,,
2026-12-17,Thu,2BR Chalet Upgraded,,not open,0,152.1,open,152.1,,
2026-12-17,Thu,3BR Chalet,,not open,0,152.1,open,,,
2026-12-17,Thu,Powered Camper Trailer Site,,not open,0,27.0,open,27.0,,
2026-12-17,Thu,Powered Caravan Site,,not open,0,27.0,open,27.0,,
2026-12-17,Thu,Cedar Cabin,,not open,0,83.7,open,83.7,,
2026-12-17,Thu,Powered Motorhome Site,,not open,0,27.0,open,27.0,,
2026-12-17,Thu,Unpowered Tent Site,,not open,0,18.0,open,18.0,,
2026-12-18,Fri,2BR Chalet,,not open,0,333.0,open,333.0,,
2026-12-18,Fri,2BR Chalet Upgraded,,not open,0,351.0,open,351.0,,
2026-12-18,Fri,3BR Chalet,,not open,0,351.0,open,,,
2026-12-18,Fri,Powered Camper Trailer Site,,not open,0,72.0,open,72.0,,
2026-12-18,Fri,Powered Caravan Site,,not open,0,72.0,open,72.0,,
2026-12-18,Fri,Cedar Cabin,,not open,0,135.0,open,135.0,,
2026-12-18,Fri,Powered Motorhome Site,,not open,0,72.0,open,72.0,,
2026-12-18,Fri,Unpowered Tent Site,,not open,0,63.0,open,63.0,,
2026-12-19,Sat,2BR Chalet,,not open,0,333.0,open,333.0,,
2026-12-19,Sat,2BR Chalet Upgraded,,not open,0,351.0,open,351.0,,
2026-12-19,Sat,3BR Chalet,,not open,0,351.0,open,,,
2026-12-19,Sat,Powered Camper Trailer Site,,not open,0,72.0,open,72.0,,
2026-12-19,Sat,Powered Caravan Site,,not open,0,72.0,open,72.0,,
2026-12-19,Sat,Cedar Cabin,,not open,0,146.7,open,146.7,,
2026-12-19,Sat,Powered Motorhome Site,,not open,0,72.0,open,72.0,,
2026-12-19,Sat,Unpowered Tent Site,,not open,0,63.0,open,63.0,,
2026-12-20,Sun,2BR Chalet,,not open,0,333.0,open,333.0,,
2026-12-20,Sun,2BR Chalet Upgraded,,not open,0,351.0,open,351.0,,
2026-12-20,Sun,3BR Chalet,,not open,0,351.0,open,,,
2026-12-20,Sun,Powered Camper Trailer Site,,not open,0,72.0,open,72.0,,
2026-12-20,Sun,Powered Caravan Site,,not open,0,72.0,open,72.0,,
2026-12-20,Sun,Cedar Cabin,,not open,0,144.9,open,144.9,,
2026-12-20,Sun,Powered Motorhome Site,,not open,0,72.0,open,72.0,,
2026-12-20,Sun,Unpowered Tent Site,,not open,0,63.0,open,63.0,,
2026-12-21,Mon,2BR Chalet,,not open,0,333.9,open,333.9,,
2026-12-21,Mon,2BR Chalet Upgraded,,not open,0,351.9,open,351.9,,
2026-12-21,Mon,3BR Chalet,,not open,0,351.9,open,,,
2026-12-21,Mon,Powered Camper Trailer Site,,not open,0,72.0,open,72.0,,
2026-12-21,Mon,Powered Caravan Site,,not open,0,72.0,open,72.0,,
2026-12-21,Mon,Cedar Cabin,,not open,0,142.2,open,142.2,,
2026-12-21,Mon,Powered Motorhome Site,,not open,0,72.0,open,72.0,,
2026-12-21,Mon,Unpowered Tent Site,,not open,0,63.0,open,63.0,,
2026-12-22,Tue,2BR Chalet,,not open,0,333.0,open,333.0,,
2026-12-22,Tue,2BR Chalet Upgraded,,not open,0,351.0,open,351.0,,
2026-12-22,Tue,3BR Chalet,,not open,0,351.0,open,,,
2026-12-22,Tue,Powered Camper Trailer Site,,not open,0,72.0,open,72.0,,
2026-12-22,Tue,Powered Caravan Site,,not open,0,72.0,open,72.0,,
2026-12-22,Tue,Cedar Cabin,,not open,0,139.5,open,139.5,,
2026-12-22,Tue,Powered Motorhome Site,,not open,0,72.0,open,72.0,,
2026-12-22,Tue,Unpowered Tent Site,,not open,0,63.0,open,63.0,,
2026-12-23,Wed,2BR Chalet,,not open,0,333.0,open,333.0,,
2026-12-23,Wed,2BR Chalet Upgraded,,not open,0,351.0,open,351.0,,
2026-12-23,Wed,3BR Chalet,,not open,0,351.0,open,,,
2026-12-23,Wed,Powered Camper Trailer Site,,not open,0,72.0,open,72.0,,
2026-12-23,Wed,Powered Caravan Site,,not open,0,72.0,open,72.0,,
2026-12-23,Wed,Cedar Cabin,,not open,0,137.7,open,137.7,,
2026-12-23,Wed,Powered Motorhome Site,,not open,0,72.0,open,72.0,,
2026-12-23,Wed,Unpowered Tent Site,,not open,0,63.0,open,63.0,,
2026-12-24,Thu,2BR Chalet,,not open,0,333.0,open,333.0,,
2026-12-24,Thu,2BR Chalet Upgraded,,not open,0,351.0,open,351.0,,
2026-12-24,Thu,3BR Chalet,,not open,0,351.0,open,,,
2026-12-24,Thu,Powered Camper Trailer Site,,not open,0,72.0,open,72.0,,
2026-12-24,Thu,Powered Caravan Site,,not open,0,72.0,open,72.0,,
2026-12-24,Thu,Cedar Cabin,,not open,0,137.7,open,137.7,,
2026-12-24,Thu,Powered Motorhome Site,,not open,0,72.0,open,72.0,,
2026-12-24,Thu,Unpowered Tent Site,,not open,0,63.0,open,63.0,,
2026-12-25,Fri,2BR Chalet,,not open,0,333.0,open,333.0,,
2026-12-25,Fri,2BR Chalet Upgraded,,not open,0,351.0,open,351.0,,
2026-12-25,Fri,3BR Chalet,,not open,0,351.0,open,,,
2026-12-25,Fri,Powered Camper Trailer Site,,not open,0,72.0,open,72.0,,
2026-12-25,Fri,Powered Caravan Site,,not open,0,72.0,open,72.0,,
2026-12-25,Fri,Cedar Cabin,,not open,0,136.8,open,136.8,,
2026-12-25,Fri,Powered Motorhome Site,,not open,0,72.0,open,72.0,,
2026-12-25,Fri,Unpowered Tent Site,,not open,0,63.0,open,63.0,,
2026-12-26,Sat,2BR Chalet,,not open,0,333.9,open,333.9,,
2026-12-26,Sat,2BR Chalet Upgraded,,not open,0,351.9,open,351.9,,
2026-12-26,Sat,3BR Chalet,,not open,0,351.9,open,,,
2026-12-26,Sat,Powered Camper Trailer Site,,not open,0,74.7,open,74.7,,
2026-12-26,Sat,Powered Caravan Site,,not open,0,74.7,open,74.7,,
2026-12-26,Sat,Cedar Cabin,,not open,0,136.8,open,136.8,,
2026-12-26,Sat,Powered Motorhome Site,,not open,0,74.7,open,74.7,,
2026-12-26,Sat,Unpowered Tent Site,,not open,0,65.7,open,65.7,,
2026-12-27,Sun,2BR Chalet,,not open,0,333.0,open,333.0,,
2026-12-27,Sun,2BR Chalet Upgraded,,not open,0,351.0,open,351.0,,
2026-12-27,Sun,3BR Chalet,,not open,0,351.0,open,,,
2026-12-27,Sun,Powered Camper Trailer Site,,not open,0,81.9,open,81.9,,
2026-12-27,Sun,Powered Caravan Site,,not open,0,81.9,open,81.9,,
2026-12-27,Sun,Cedar Cabin,,not open,0,135.9,open,135.9,,
2026-12-27,Sun,Powered Motorhome Site,,not open,0,81.9,open,81.9,,
2026-12-27,Sun,Unpowered Tent Site,,not open,0,72.9,open,72.9,,
2026-12-28,Mon,2BR Chalet,,not open,0,333.0,open,333.0,,
2026-12-28,Mon,2BR Chalet Upgraded,,not open,0,351.0,open,351.0,,
2026-12-28,Mon,3BR Chalet,,not open,0,351.0,open,,,
2026-12-28,Mon,Powered Camper Trailer Site,,not open,0,90.0,open,90.0,,
2026-12-28,Mon,Powered Caravan Site,,not open,0,90.0,open,90.0,,
2026-12-28,Mon,Cedar Cabin,,not open,0,135.0,open,135.0,,
2026-12-28,Mon,Powered Motorhome Site,,not open,0,90.0,open,90.0,,
2026-12-28,Mon,Unpowered Tent Site,,not open,0,81.0,open,81.0,,
2026-12-29,Tue,2BR Chalet,,not open,0,333.0,open,333.0,,
2026-12-29,Tue,2BR Chalet Upgraded,,not open,0,351.0,open,351.0,,
2026-12-29,Tue,3BR Chalet,,not open,0,351.0,open,,,
2026-12-29,Tue,Powered Camper Trailer Site,,not open,0,90.0,open,90.0,,
2026-12-29,Tue,Powered Caravan Site,,not open,0,90.0,open,90.0,,
2026-12-29,Tue,Cedar Cabin,,not open,0,135.0,open,135.0,,
2026-12-29,Tue,Powered Motorhome Site,,not open,0,90.0,open,90.0,,
2026-12-29,Tue,Unpowered Tent Site,,not open,0,81.0,open,81.0,,
2026-12-30,Wed,2BR Chalet,,not open,0,333.0,open,333.0,,
2026-12-30,Wed,2BR Chalet Upgraded,,not open,0,351.0,open,351.0,,
2026-12-30,Wed,3BR Chalet,,not open,0,351.0,open,,,
2026-12-30,Wed,Powered Camper Trailer Site,,not open,0,90.0,open,90.0,,
2026-12-30,Wed,Powered Caravan Site,,not open,0,90.0,open,90.0,,
2026-12-30,Wed,Cedar Cabin,,not open,0,135.9,open,135.9,,
2026-12-30,Wed,Powered Motorhome Site,,not open,0,90.0,open,90.0,,
2026-12-30,Wed,Unpowered Tent Site,,not open,0,81.0,open,81.0,,
2026-12-31,Thu,2BR Chalet,,not open,0,333.0,open,333.0,,
2026-12-31,Thu,2BR Chalet Upgraded,,not open,0,351.0,open,351.0,,
2026-12-31,Thu,3BR Chalet,,not open,0,351.0,open,,,
2026-12-31,Thu,Powered Camper Trailer Site,,not open,0,90.0,open,90.0,,
2026-12-31,Thu,Powered Caravan Site,,not open,0,90.0,open,90.0,,
2026-12-31,Thu,Cedar Cabin,,not open,0,137.7,open,137.7,,
2026-12-31,Thu,Powered Motorhome Site,,not open,0,90.0,open,90.0,,
2026-12-31,Thu,Unpowered Tent Site,,not open,0,81.0,open,81.0,,
2027-01-01,Fri,2BR Chalet,,not open,0,333.0,open,333.0,,
2027-01-01,Fri,2BR Chalet Upgraded,,not open,0,351.0,open,351.0,,
2027-01-01,Fri,3BR Chalet,,not open,0,351.0,open,,,
2027-01-01,Fri,Powered Camper Trailer Site,,not open,0,90.0,open,90.0,,
2027-01-01,Fri,Powered Caravan Site,,not open,0,,not open,,,
2027-01-01,Fri,Cedar Cabin,,not open,0,136.8,open,136.8,,
2027-01-01,Fri,Powered Motorhome Site,,not open,0,90.0,open,90.0,,
2027-01-01,Fri,Unpowered Tent Site,,not open,0,81.0,open,81.0,,
2027-01-02,Sat,2BR Chalet,,not open,0,333.0,open,333.0,,
2027-01-02,Sat,2BR Chalet Upgraded,,not open,0,351.0,open,351.0,,
2027-01-02,Sat,3BR Chalet,,not open,0,351.0,open,,,
2027-01-02,Sat,Powered Camper Trailer Site,,not open,0,87.3,open,87.3,,
2027-01-02,Sat,Powered Caravan Site,,not open,0,87.3,open,87.3,,
2027-01-02,Sat,Cedar Cabin,,not open,0,135.0,open,135.0,,
2027-01-02,Sat,Powered Motorhome Site,,not open,0,87.3,open,87.3,,
2027-01-02,Sat,Unpowered Tent Site,,not open,0,78.3,open,78.3,,
2027-01-03,Sun,2BR Chalet,,not open,0,333.0,open,333.0,,
2027-01-03,Sun,2BR Chalet Upgraded,,not open,0,351.0,open,351.0,,
2027-01-03,Sun,3BR Chalet,,not open,0,351.0,open,,,
2027-01-03,Sun,Powered Camper Trailer Site,,not open,0,72.0,open,72.0,,
2027-01-03,Sun,Powered Caravan Site,,not open,0,72.0,open,72.0,,
2027-01-03,Sun,Cedar Cabin,,not open,0,139.5,open,139.5,,
2027-01-03,Sun,Powered Motorhome Site,,not open,0,72.0,open,72.0,,
2027-01-03,Sun,Unpowered Tent Site,,not open,0,63.0,open,63.0,,
2027-01-04,Mon,2BR Chalet,,not open,0,333.0,open,333.0,,
2027-01-04,Mon,2BR Chalet Upgraded,,not open,0,351.0,open,351.0,,
2027-01-04,Mon,3BR Chalet,,not open,0,351.0,open,,,
2027-01-04,Mon,Powered Camper Trailer Site,,not open,0,72.0,open,72.0,,
2027-01-04,Mon,Powered Caravan Site,,not open,0,72.0,open,72.0,,
2027-01-04,Mon,Cedar Cabin,,not open,0,141.3,open,141.3,,
2027-01-04,Mon,Powered Motorhome Site,,not open,0,72.0,open,72.0,,
2027-01-04,Mon,Unpowered Tent Site,,not open,0,63.0,open,63.0,,
2027-01-05,Tue,2BR Chalet,,not open,0,333.0,open,333.0,,
2027-01-05,Tue,2BR Chalet Upgraded,,not open,0,351.0,open,351.0,,
2027-01-05,Tue,3BR Chalet,,not open,0,351.0,open,,,
2027-01-05,Tue,Powered Camper Trailer Site,,not open,0,72.0,open,72.0,,
2027-01-05,Tue,Powered Caravan Site,,not open,0,72.0,open,72.0,,
2027-01-05,Tue,Cedar Cabin,,not open,0,150.3,open,150.3,,
2027-01-05,Tue,Powered Motorhome Site,,not open,0,72.0,open,72.0,,
2027-01-05,Tue,Unpowered Tent Site,,not open,0,63.0,open,63.0,,
2027-01-06,Wed,2BR Chalet,,not open,0,333.0,open,333.0,,
2027-01-06,Wed,2BR Chalet Upgraded,,not open,0,351.0,open,351.0,,
2027-01-06,Wed,3BR Chalet,,not open,0,351.0,open,,,
2027-01-06,Wed,Powered Camper Trailer Site,,not open,0,72.0,open,72.0,,
2027-01-06,Wed,Powered Caravan Site,,not open,0,72.0,open,72.0,,
2027-01-06,Wed,Cedar Cabin,,not open,0,144.0,open,144.0,,
2027-01-06,Wed,Powered Motorhome Site,,not open,0,72.0,open,72.0,,
2027-01-06,Wed,Unpowered Tent Site,,not open,0,63.0,open,63.0,,
2027-01-07,Thu,2BR Chalet,,not open,0,333.0,open,333.0,,
2027-01-07,Thu,2BR Chalet Upgraded,,not open,0,351.0,open,351.0,,
2027-01-07,Thu,3BR Chalet,,not open,0,351.0,open,,,
2027-01-07,Thu,Powered Camper Trailer Site,,not open,0,72.0,open,72.0,,
2027-01-07,Thu,Powered Caravan Site,,not open,0,72.0,open,72.0,,
2027-01-07,Thu,Cedar Cabin,,not open,0,150.3,open,150.3,,
2027-01-07,Thu,Powered Motorhome Site,,not open,0,72.0,open,72.0,,
2027-01-07,Thu,Unpowered Tent Site,,not open,0,63.0,open,63.0,,
2027-01-08,Fri,2BR Chalet,,not open,0,333.0,open,333.0,,
2027-01-08,Fri,2BR Chalet Upgraded,,not open,0,351.0,open,351.0,,
2027-01-08,Fri,3BR Chalet,,not open,0,351.0,open,,,
2027-01-08,Fri,Powered Camper Trailer Site,,not open,0,72.0,open,72.0,,
2027-01-08,Fri,Powered Caravan Site,,not open,0,72.0,open,72.0,,
2027-01-08,Fri,Cedar Cabin,,not open,0,135.0,open,135.0,,
2027-01-08,Fri,Powered Motorhome Site,,not open,0,72.0,open,72.0,,
2027-01-08,Fri,Unpowered Tent Site,,not open,0,63.0,open,63.0,,
2027-01-09,Sat,2BR Chalet,,not open,0,334.8,open,334.8,,
2027-01-09,Sat,2BR Chalet Upgraded,,not open,0,352.8,open,352.8,,
2027-01-09,Sat,3BR Chalet,,not open,0,352.8,open,,,
2027-01-09,Sat,Powered Camper Trailer Site,,not open,0,72.0,open,72.0,,
2027-01-09,Sat,Powered Caravan Site,,not open,0,72.0,open,72.0,,
2027-01-09,Sat,Cedar Cabin,,not open,0,147.6,open,147.6,,
2027-01-09,Sat,Powered Motorhome Site,,not open,0,72.0,open,72.0,,
2027-01-09,Sat,Unpowered Tent Site,,not open,0,63.0,open,63.0,,
2027-01-10,Sun,2BR Chalet,,not open,0,152.1,open,152.1,,
2027-01-10,Sun,2BR Chalet Upgraded,,not open,0,170.1,open,170.1,,
2027-01-10,Sun,3BR Chalet,,not open,0,170.1,open,,,
2027-01-10,Sun,Powered Camper Trailer Site,,not open,0,27.0,open,27.0,,
2027-01-10,Sun,Powered Caravan Site,,not open,0,27.0,open,27.0,,
2027-01-10,Sun,Cedar Cabin,,not open,0,96.3,open,96.3,,
2027-01-10,Sun,Powered Motorhome Site,,not open,0,27.0,open,27.0,,
2027-01-10,Sun,Unpowered Tent Site,,not open,0,18.0,open,18.0,,
2027-01-11,Mon,2BR Chalet,,not open,0,150.3,open,150.3,,
2027-01-11,Mon,2BR Chalet Upgraded,,not open,0,168.3,open,168.3,,
2027-01-11,Mon,3BR Chalet,,not open,0,168.3,open,,,
2027-01-11,Mon,Powered Camper Trailer Site,,not open,0,33.3,open,33.3,,
2027-01-11,Mon,Powered Caravan Site,,not open,0,33.3,open,33.3,,
2027-01-11,Mon,Cedar Cabin,,not open,0,94.5,open,94.5,,
2027-01-11,Mon,Powered Motorhome Site,,not open,0,33.3,open,33.3,,
2027-01-11,Mon,Unpowered Tent Site,,not open,0,24.3,open,24.3,,
2027-01-12,Tue,2BR Chalet,,not open,0,151.2,open,151.2,,
2027-01-12,Tue,2BR Chalet Upgraded,,not open,0,169.2,open,169.2,,
2027-01-12,Tue,3BR Chalet,,not open,0,169.2,open,,,
2027-01-12,Tue,Powered Camper Trailer Site,,not open,0,34.2,open,34.2,,
2027-01-12,Tue,Powered Caravan Site,,not open,0,34.2,open,34.2,,
2027-01-12,Tue,Cedar Cabin,,not open,0,93.6,open,93.6,,
2027-01-12,Tue,Powered Motorhome Site,,not open,0,34.2,open,34.2,,
2027-01-12,Tue,Unpowered Tent Site,,not open,0,25.2,open,25.2,,
2027-01-13,Wed,2BR Chalet,,not open,0,152.1,open,152.1,,
2027-01-13,Wed,2BR Chalet Upgraded,,not open,0,170.1,open,170.1,,
2027-01-13,Wed,3BR Chalet,,not open,0,170.1,open,,,
2027-01-13,Wed,Powered Camper Trailer Site,,not open,0,35.1,open,35.1,,
2027-01-13,Wed,Powered Caravan Site,,not open,0,35.1,open,35.1,,
2027-01-13,Wed,Cedar Cabin,,not open,0,93.6,open,93.6,,
2027-01-13,Wed,Powered Motorhome Site,,not open,0,35.1,open,35.1,,
2027-01-13,Wed,Unpowered Tent Site,,not open,0,26.1,open,26.1,,
2027-01-14,Thu,2BR Chalet,,not open,0,152.1,open,152.1,,
2027-01-14,Thu,2BR Chalet Upgraded,,not open,0,170.1,open,170.1,,
2027-01-14,Thu,3BR Chalet,,not open,0,170.1,open,,,
2027-01-14,Thu,Powered Camper Trailer Site,,not open,0,35.1,open,35.1,,
2027-01-14,Thu,Powered Caravan Site,,not open,0,35.1,open,35.1,,
2027-01-14,Thu,Cedar Cabin,,not open,0,94.5,open,94.5,,
2027-01-14,Thu,Powered Motorhome Site,,not open,0,35.1,open,35.1,,
2027-01-14,Thu,Unpowered Tent Site,,not open,0,26.1,open,26.1,,
2027-01-15,Fri,2BR Chalet,,not open,0,170.1,open,170.1,,
2027-01-15,Fri,2BR Chalet Upgraded,,not open,0,188.1,open,188.1,,
2027-01-15,Fri,3BR Chalet,,not open,0,188.1,open,,,
2027-01-15,Fri,Powered Camper Trailer Site,,not open,0,44.1,open,44.1,,
2027-01-15,Fri,Powered Caravan Site,,not open,0,44.1,open,44.1,,
2027-01-15,Fri,Cedar Cabin,,not open,0,101.7,open,101.7,,
2027-01-15,Fri,Powered Motorhome Site,,not open,0,44.1,open,44.1,,
2027-01-15,Fri,Unpowered Tent Site,,not open,0,35.1,open,35.1,,
2027-01-16,Sat,2BR Chalet,,not open,0,170.1,open,170.1,,
2027-01-16,Sat,2BR Chalet Upgraded,,not open,0,188.1,open,188.1,,
2027-01-16,Sat,3BR Chalet,,not open,0,188.1,open,,,
2027-01-16,Sat,Powered Camper Trailer Site,,not open,0,40.5,open,40.5,,
2027-01-16,Sat,Powered Caravan Site,,not open,0,40.5,open,40.5,,
2027-01-16,Sat,Cedar Cabin,,not open,0,102.6,open,102.6,,
2027-01-16,Sat,Powered Motorhome Site,,not open,0,40.5,open,40.5,,
2027-01-16,Sat,Unpowered Tent Site,,not open,0,31.5,open,31.5,,
2027-01-17,Sun,2BR Chalet,,not open,0,152.1,open,152.1,,
2027-01-17,Sun,2BR Chalet Upgraded,,not open,0,170.1,open,170.1,,
2027-01-17,Sun,3BR Chalet,,not open,0,170.1,open,,,
2027-01-17,Sun,Powered Camper Trailer Site,,not open,0,35.1,open,35.1,,
2027-01-17,Sun,Powered Caravan Site,,not open,0,35.1,open,35.1,,
2027-01-17,Sun,Cedar Cabin,,not open,0,98.1,open,98.1,,
2027-01-17,Sun,Powered Motorhome Site,,not open,0,35.1,open,35.1,,
2027-01-17,Sun,Unpowered Tent Site,,not open,0,26.1,open,26.1,,
2027-01-18,Mon,2BR Chalet,,not open,0,151.2,open,151.2,,
2027-01-18,Mon,2BR Chalet Upgraded,,not open,0,169.2,open,169.2,,
2027-01-18,Mon,3BR Chalet,,not open,0,169.2,open,,,
2027-01-18,Mon,Powered Camper Trailer Site,,not open,0,35.1,open,35.1,,
2027-01-18,Mon,Powered Caravan Site,,not open,0,35.1,open,35.1,,
2027-01-18,Mon,Cedar Cabin,,not open,0,95.4,open,95.4,,
2027-01-18,Mon,Powered Motorhome Site,,not open,0,35.1,open,35.1,,
2027-01-18,Mon,Unpowered Tent Site,,not open,0,26.1,open,26.1,,
2027-01-19,Tue,2BR Chalet,,not open,0,152.1,open,152.1,,
2027-01-19,Tue,2BR Chalet Upgraded,,not open,0,170.1,open,170.1,,
2027-01-19,Tue,3BR Chalet,,not open,0,170.1,open,,,
2027-01-19,Tue,Powered Camper Trailer Site,,not open,0,35.1,open,35.1,,
2027-01-19,Tue,Powered Caravan Site,,not open,0,35.1,open,35.1,,
2027-01-19,Tue,Cedar Cabin,,not open,0,95.4,open,95.4,,
2027-01-19,Tue,Powered Motorhome Site,,not open,0,35.1,open,35.1,,
2027-01-19,Tue,Unpowered Tent Site,,not open,0,26.1,open,26.1,,
2027-01-20,Wed,2BR Chalet,,not open,0,151.2,open,151.2,,
2027-01-20,Wed,2BR Chalet Upgraded,,not open,0,169.2,open,169.2,,
2027-01-20,Wed,3BR Chalet,,not open,0,169.2,open,,,
2027-01-20,Wed,Powered Camper Trailer Site,,not open,0,35.1,open,35.1,,
2027-01-20,Wed,Powered Caravan Site,,not open,0,35.1,open,35.1,,
2027-01-20,Wed,Cedar Cabin,,not open,0,95.4,open,95.4,,
2027-01-20,Wed,Powered Motorhome Site,,not open,0,35.1,open,35.1,,
2027-01-20,Wed,Unpowered Tent Site,,not open,0,26.1,open,26.1,,
2027-01-21,Thu,2BR Chalet,,not open,0,152.1,open,152.1,,
2027-01-21,Thu,2BR Chalet Upgraded,,not open,0,170.1,open,170.1,,
2027-01-21,Thu,3BR Chalet,,not open,0,170.1,open,,,
2027-01-21,Thu,Powered Camper Trailer Site,,not open,0,35.1,open,35.1,,
2027-01-21,Thu,Powered Caravan Site,,not open,0,35.1,open,35.1,,
2027-01-21,Thu,Cedar Cabin,,not open,0,93.6,open,93.6,,
2027-01-21,Thu,Powered Motorhome Site,,not open,0,35.1,open,35.1,,
2027-01-21,Thu,Unpowered Tent Site,,not open,0,26.1,open,26.1,,
2027-01-22,Fri,2BR Chalet,,not open,0,170.1,open,170.1,,
2027-01-22,Fri,2BR Chalet Upgraded,,not open,0,188.1,open,188.1,,
2027-01-22,Fri,3BR Chalet,,not open,0,188.1,open,,,
2027-01-22,Fri,Powered Camper Trailer Site,,not open,0,44.1,open,44.1,,
2027-01-22,Fri,Powered Caravan Site,,not open,0,44.1,open,44.1,,
2027-01-22,Fri,Cedar Cabin,,not open,0,111.6,open,111.6,,
2027-01-22,Fri,Powered Motorhome Site,,not open,0,44.1,open,44.1,,
2027-01-22,Fri,Unpowered Tent Site,,not open,0,35.1,open,35.1,,
2027-01-23,Sat,2BR Chalet,,not open,0,170.1,open,170.1,,
2027-01-23,Sat,2BR Chalet Upgraded,,not open,0,188.1,open,188.1,,
2027-01-23,Sat,3BR Chalet,,not open,0,188.1,open,,,
2027-01-23,Sat,Powered Camper Trailer Site,,not open,0,44.1,open,44.1,,
2027-01-23,Sat,Powered Caravan Site,,not open,0,44.1,open,44.1,,
2027-01-23,Sat,Cedar Cabin,,not open,0,109.8,open,109.8,,
2027-01-23,Sat,Powered Motorhome Site,,not open,0,44.1,open,44.1,,
2027-01-23,Sat,Unpowered Tent Site,,not open,0,35.1,open,35.1,,
2027-01-24,Sun,2BR Chalet,,not open,0,152.1,open,152.1,,
2027-01-24,Sun,2BR Chalet Upgraded,,not open,0,170.1,open,170.1,,
2027-01-24,Sun,3BR Chalet,,not open,0,170.1,open,,,
2027-01-24,Sun,Powered Camper Trailer Site,,not open,0,35.1,open,35.1,,
2027-01-24,Sun,Powered Caravan Site,,not open,0,35.1,open,35.1,,
2027-01-24,Sun,Cedar Cabin,,not open,0,95.4,open,95.4,,
2027-01-24,Sun,Powered Motorhome Site,,not open,0,35.1,open,35.1,,
2027-01-24,Sun,Unpowered Tent Site,,not open,0,26.1,open,26.1,,
2027-01-25,Mon,2BR Chalet,,not open,0,152.1,open,152.1,,
2027-01-25,Mon,2BR Chalet Upgraded,,not open,0,170.1,open,170.1,,
2027-01-25,Mon,3BR Chalet,,not open,0,170.1,open,,,
2027-01-25,Mon,Powered Camper Trailer Site,,not open,0,35.1,open,35.1,,
2027-01-25,Mon,Powered Caravan Site,,not open,0,35.1,open,35.1,,
2027-01-25,Mon,Cedar Cabin,,not open,0,95.4,open,95.4,,
2027-01-25,Mon,Powered Motorhome Site,,not open,0,35.1,open,35.1,,
2027-01-25,Mon,Unpowered Tent Site,,not open,0,26.1,open,26.1,,
2027-01-26,Tue,2BR Chalet,,not open,0,152.1,open,152.1,,
2027-01-26,Tue,2BR Chalet Upgraded,,not open,0,170.1,open,170.1,,
2027-01-26,Tue,3BR Chalet,,not open,0,170.1,open,,,
2027-01-26,Tue,Powered Camper Trailer Site,,not open,0,35.1,open,35.1,,
2027-01-26,Tue,Powered Caravan Site,,not open,0,35.1,open,35.1,,
2027-01-26,Tue,Cedar Cabin,,not open,0,95.4,open,95.4,,
2027-01-26,Tue,Powered Motorhome Site,,not open,0,35.1,open,35.1,,
2027-01-26,Tue,Unpowered Tent Site,,not open,0,26.1,open,26.1,,
2027-01-27,Wed,2BR Chalet,,not open,0,152.1,open,152.1,,
2027-01-27,Wed,2BR Chalet Upgraded,,not open,0,170.1,open,170.1,,
2027-01-27,Wed,3BR Chalet,,not open,0,170.1,open,,,
2027-01-27,Wed,Powered Camper Trailer Site,,not open,0,35.1,open,35.1,,
2027-01-27,Wed,Powered Caravan Site,,not open,0,35.1,open,35.1,,
2027-01-27,Wed,Cedar Cabin,,not open,0,95.4,open,95.4,,
2027-01-27,Wed,Powered Motorhome Site,,not open,0,35.1,open,35.1,,
2027-01-27,Wed,Unpowered Tent Site,,not open,0,26.1,open,26.1,,
2027-01-28,Thu,2BR Chalet,,not open,0,152.1,open,152.1,,
2027-01-28,Thu,2BR Chalet Upgraded,,not open,0,170.1,open,170.1,,
2027-01-28,Thu,3BR Chalet,,not open,0,170.1,open,,,
2027-01-28,Thu,Powered Camper Trailer Site,,not open,0,35.1,open,35.1,,
2027-01-28,Thu,Powered Caravan Site,,not open,0,35.1,open,35.1,,
2027-01-28,Thu,Cedar Cabin,,not open,0,95.4,open,95.4,,
2027-01-28,Thu,Powered Motorhome Site,,not open,0,35.1,open,35.1,,
2027-01-28,Thu,Unpowered Tent Site,,not open,0,26.1,open,26.1,,
2027-01-29,Fri,2BR Chalet,,not open,0,170.1,open,170.1,,
2027-01-29,Fri,2BR Chalet Upgraded,,not open,0,188.1,open,188.1,,
2027-01-29,Fri,3BR Chalet,,not open,0,188.1,open,,,
2027-01-29,Fri,Powered Camper Trailer Site,,not open,0,44.1,open,44.1,,
2027-01-29,Fri,Powered Caravan Site,,not open,0,44.1,open,44.1,,
2027-01-29,Fri,Cedar Cabin,,not open,0,102.6,open,102.6,,
2027-01-29,Fri,Powered Motorhome Site,,not open,0,44.1,open,44.1,,
2027-01-29,Fri,Unpowered Tent Site,,not open,0,35.1,open,35.1,,
2027-01-30,Sat,2BR Chalet,,not open,0,170.1,open,170.1,,
2027-01-30,Sat,2BR Chalet Upgraded,,not open,0,188.1,open,188.1,,
2027-01-30,Sat,3BR Chalet,,not open,0,188.1,open,,,
2027-01-30,Sat,Powered Camper Trailer Site,,not open,0,42.3,open,42.3,,
2027-01-30,Sat,Powered Caravan Site,,not open,0,42.3,open,42.3,,
2027-01-30,Sat,Cedar Cabin,,not open,0,102.6,open,102.6,,
2027-01-30,Sat,Powered Motorhome Site,,not open,0,42.3,open,42.3,,
2027-01-30,Sat,Unpowered Tent Site,,not open,0,33.3,open,33.3,,
2027-01-31,Sun,2BR Chalet,,not open,0,151.2,open,151.2,,
2027-01-31,Sun,2BR Chalet Upgraded,,not open,0,169.2,open,169.2,,
2027-01-31,Sun,3BR Chalet,,not open,0,169.2,open,,,
2027-01-31,Sun,Powered Camper Trailer Site,,not open,0,35.1,open,35.1,,
2027-01-31,Sun,Powered Caravan Site,,not open,0,35.1,open,35.1,,
2027-01-31,Sun,Cedar Cabin,,not open,0,98.1,open,98.1,,
2027-01-31,Sun,Powered Motorhome Site,,not open,0,35.1,open,35.1,,
2027-01-31,Sun,Unpowered Tent Site,,not open,0,26.1,open,26.1,,
2027-02-01,Mon,2BR Chalet,,not open,0,147.6,open,147.6,,
2027-02-01,Mon,2BR Chalet Upgraded,,not open,0,165.6,open,165.6,,
2027-02-01,Mon,3BR Chalet,,not open,0,165.6,open,,,
2027-02-01,Mon,Powered Camper Trailer Site,,not open,0,31.5,open,31.5,,
2027-02-01,Mon,Powered Caravan Site,,not open,0,31.5,open,31.5,,
2027-02-01,Mon,Cedar Cabin,,not open,0,96.3,open,96.3,,
2027-02-01,Mon,Powered Motorhome Site,,not open,0,31.5,open,31.5,,
2027-02-01,Mon,Unpowered Tent Site,,not open,0,22.5,open,22.5,,
2027-02-02,Tue,2BR Chalet,,not open,0,135.0,open,135.0,,
2027-02-02,Tue,2BR Chalet Upgraded,,not open,0,153.0,open,153.0,,
2027-02-02,Tue,3BR Chalet,,not open,0,153.0,open,,,
2027-02-02,Tue,Powered Camper Trailer Site,,not open,0,30.6,open,30.6,,
2027-02-02,Tue,Powered Caravan Site,,not open,0,30.6,open,30.6,,
2027-02-02,Tue,Cedar Cabin,,not open,0,95.4,open,95.4,,
2027-02-02,Tue,Powered Motorhome Site,,not open,0,30.6,open,30.6,,
2027-02-02,Tue,Unpowered Tent Site,,not open,0,21.6,open,21.6,,
2027-02-03,Wed,2BR Chalet,,not open,0,134.1,open,134.1,,
2027-02-03,Wed,2BR Chalet Upgraded,,not open,0,152.1,open,152.1,,
2027-02-03,Wed,3BR Chalet,,not open,0,152.1,open,,,
2027-02-03,Wed,Powered Camper Trailer Site,,not open,0,30.6,open,30.6,,
2027-02-03,Wed,Powered Caravan Site,,not open,0,30.6,open,30.6,,
2027-02-03,Wed,Cedar Cabin,,not open,0,95.4,open,95.4,,
2027-02-03,Wed,Powered Motorhome Site,,not open,0,30.6,open,30.6,,
2027-02-03,Wed,Unpowered Tent Site,,not open,0,21.6,open,21.6,,
2027-02-04,Thu,2BR Chalet,,not open,0,151.2,open,151.2,,
2027-02-04,Thu,2BR Chalet Upgraded,,not open,0,169.2,open,169.2,,
2027-02-04,Thu,3BR Chalet,,not open,0,169.2,open,,,
2027-02-04,Thu,Powered Camper Trailer Site,,not open,0,30.6,open,30.6,,
2027-02-04,Thu,Powered Caravan Site,,not open,0,30.6,open,30.6,,
2027-02-04,Thu,Cedar Cabin,,not open,0,96.3,open,96.3,,
2027-02-04,Thu,Powered Motorhome Site,,not open,0,30.6,open,30.6,,
2027-02-04,Thu,Unpowered Tent Site,,not open,0,21.6,open,21.6,,
2027-02-05,Fri,2BR Chalet,,not open,0,163.8,open,163.8,,
2027-02-05,Fri,2BR Chalet Upgraded,,not open,0,181.8,open,181.8,,
2027-02-05,Fri,3BR Chalet,,not open,0,181.8,open,,,
2027-02-05,Fri,Powered Camper Trailer Site,,not open,0,36.0,open,36.0,,
2027-02-05,Fri,Powered Caravan Site,,not open,0,36.0,open,36.0,,
2027-02-05,Fri,Cedar Cabin,,not open,0,103.5,open,103.5,,
2027-02-05,Fri,Powered Motorhome Site,,not open,0,36.0,open,36.0,,
2027-02-05,Fri,Unpowered Tent Site,,not open,0,27.0,open,27.0,,
2027-02-06,Sat,2BR Chalet,,not open,0,168.3,open,168.3,,
2027-02-06,Sat,2BR Chalet Upgraded,,not open,0,186.3,open,186.3,,
2027-02-06,Sat,3BR Chalet,,not open,0,186.3,open,,,
2027-02-06,Sat,Powered Camper Trailer Site,,not open,0,35.1,open,35.1,,
2027-02-06,Sat,Powered Caravan Site,,not open,0,35.1,open,35.1,,
2027-02-06,Sat,Cedar Cabin,,not open,0,106.2,open,106.2,,
2027-02-06,Sat,Powered Motorhome Site,,not open,0,35.1,open,35.1,,
2027-02-06,Sat,Unpowered Tent Site,,not open,0,26.1,open,26.1,,
2027-02-07,Sun,2BR Chalet,,not open,0,152.1,open,152.1,,
2027-02-07,Sun,2BR Chalet Upgraded,,not open,0,170.1,open,170.1,,
2027-02-07,Sun,3BR Chalet,,not open,0,170.1,open,,,
2027-02-07,Sun,Powered Camper Trailer Site,,not open,0,35.1,open,35.1,,
2027-02-07,Sun,Powered Caravan Site,,not open,0,35.1,open,35.1,,
2027-02-07,Sun,Cedar Cabin,,not open,0,85.5,open,85.5,,
2027-02-07,Sun,Powered Motorhome Site,,not open,0,35.1,open,35.1,,
2027-02-07,Sun,Unpowered Tent Site,,not open,0,26.1,open,26.1,,
2027-02-08,Mon,2BR Chalet,,not open,0,134.1,open,134.1,,
2027-02-08,Mon,2BR Chalet Upgraded,,not open,0,152.1,open,152.1,,
2027-02-08,Mon,3BR Chalet,,not open,0,152.1,open,,,
2027-02-08,Mon,Powered Camper Trailer Site,,not open,0,34.2,open,34.2,,
2027-02-08,Mon,Powered Caravan Site,,not open,0,34.2,open,34.2,,
2027-02-08,Mon,Cedar Cabin,,not open,0,96.3,open,96.3,,
2027-02-08,Mon,Powered Motorhome Site,,not open,0,34.2,open,34.2,,
2027-02-08,Mon,Unpowered Tent Site,,not open,0,25.2,open,25.2,,
2027-02-09,Tue,2BR Chalet,,not open,0,134.1,open,134.1,,
2027-02-09,Tue,2BR Chalet Upgraded,,not open,0,152.1,open,152.1,,
2027-02-09,Tue,3BR Chalet,,not open,0,152.1,open,,,
2027-02-09,Tue,Powered Camper Trailer Site,,not open,0,34.2,open,34.2,,
2027-02-09,Tue,Powered Caravan Site,,not open,0,34.2,open,34.2,,
2027-02-09,Tue,Cedar Cabin,,not open,0,96.3,open,96.3,,
2027-02-09,Tue,Powered Motorhome Site,,not open,0,34.2,open,34.2,,
2027-02-09,Tue,Unpowered Tent Site,,not open,0,25.2,open,25.2,,
2027-02-10,Wed,2BR Chalet,,not open,0,135.0,open,135.0,,
2027-02-10,Wed,2BR Chalet Upgraded,,not open,0,153.0,open,153.0,,
2027-02-10,Wed,3BR Chalet,,not open,0,153.0,open,,,
2027-02-10,Wed,Powered Camper Trailer Site,,not open,0,29.7,open,29.7,,
2027-02-10,Wed,Powered Caravan Site,,not open,0,29.7,open,29.7,,
2027-02-10,Wed,Cedar Cabin,,not open,0,96.3,open,96.3,,
2027-02-10,Wed,Powered Motorhome Site,,not open,0,29.7,open,29.7,,
2027-02-10,Wed,Unpowered Tent Site,,not open,0,20.7,open,20.7,,
2027-02-11,Thu,2BR Chalet,,not open,0,149.4,open,149.4,,
2027-02-11,Thu,2BR Chalet Upgraded,,not open,0,167.4,open,167.4,,
2027-02-11,Thu,3BR Chalet,,not open,0,167.4,open,,,
2027-02-11,Thu,Powered Camper Trailer Site,,not open,0,34.2,open,34.2,,
2027-02-11,Thu,Powered Caravan Site,,not open,0,34.2,open,34.2,,
2027-02-11,Thu,Cedar Cabin,,not open,0,97.2,open,97.2,,
2027-02-11,Thu,Powered Motorhome Site,,not open,0,34.2,open,34.2,,
2027-02-11,Thu,Unpowered Tent Site,,not open,0,25.2,open,25.2,,
2027-02-12,Fri,2BR Chalet,,not open,0,162.9,open,162.9,,
2027-02-12,Fri,2BR Chalet Upgraded,,not open,0,180.9,open,180.9,,
2027-02-12,Fri,3BR Chalet,,not open,0,180.9,open,,,
2027-02-12,Fri,Powered Camper Trailer Site,,not open,0,36.0,open,36.0,,
2027-02-12,Fri,Powered Caravan Site,,not open,0,36.0,open,36.0,,
2027-02-12,Fri,Cedar Cabin,,not open,0,103.5,open,103.5,,
2027-02-12,Fri,Powered Motorhome Site,,not open,0,36.0,open,36.0,,
2027-02-12,Fri,Unpowered Tent Site,,not open,0,27.0,open,27.0,,
2027-02-13,Sat,2BR Chalet,,not open,0,167.4,open,167.4,,
2027-02-13,Sat,2BR Chalet Upgraded,,not open,0,185.4,open,185.4,,
2027-02-13,Sat,3BR Chalet,,not open,0,185.4,open,,,
2027-02-13,Sat,Powered Camper Trailer Site,,not open,0,35.1,open,35.1,,
2027-02-13,Sat,Powered Caravan Site,,not open,0,35.1,open,35.1,,
2027-02-13,Sat,Cedar Cabin,,not open,0,106.2,open,106.2,,
2027-02-13,Sat,Powered Motorhome Site,,not open,0,35.1,open,35.1,,
2027-02-13,Sat,Unpowered Tent Site,,not open,0,26.1,open,26.1,,
2027-02-14,Sun,2BR Chalet,,not open,0,152.1,open,152.1,,
2027-02-14,Sun,2BR Chalet Upgraded,,not open,0,170.1,open,170.1,,
2027-02-14,Sun,3BR Chalet,,not open,0,170.1,open,,,
2027-02-14,Sun,Powered Camper Trailer Site,,not open,0,35.1,open,35.1,,
2027-02-14,Sun,Powered Caravan Site,,not open,0,35.1,open,35.1,,
2027-02-14,Sun,Cedar Cabin,,not open,0,86.4,open,86.4,,
2027-02-14,Sun,Powered Motorhome Site,,not open,0,35.1,open,35.1,,
2027-02-14,Sun,Unpowered Tent Site,,not open,0,26.1,open,26.1,,
2027-02-15,Mon,2BR Chalet,,not open,0,134.1,open,134.1,,
2027-02-15,Mon,2BR Chalet Upgraded,,not open,0,152.1,open,152.1,,
2027-02-15,Mon,3BR Chalet,,not open,0,152.1,open,,,
2027-02-15,Mon,Powered Camper Trailer Site,,not open,0,34.2,open,34.2,,
2027-02-15,Mon,Powered Caravan Site,,not open,0,34.2,open,34.2,,
2027-02-15,Mon,Cedar Cabin,,not open,0,96.3,open,96.3,,
2027-02-15,Mon,Powered Motorhome Site,,not open,0,34.2,open,34.2,,
2027-02-15,Mon,Unpowered Tent Site,,not open,0,25.2,open,25.2,,
2027-02-16,Tue,2BR Chalet,,not open,0,134.1,open,134.1,,
2027-02-16,Tue,2BR Chalet Upgraded,,not open,0,152.1,open,152.1,,
2027-02-16,Tue,3BR Chalet,,not open,0,152.1,open,,,
2027-02-16,Tue,Powered Camper Trailer Site,,not open,0,33.3,open,33.3,,
2027-02-16,Tue,Powered Caravan Site,,not open,0,33.3,open,33.3,,
2027-02-16,Tue,Cedar Cabin,,not open,0,96.3,open,96.3,,
2027-02-16,Tue,Powered Motorhome Site,,not open,0,33.3,open,33.3,,
2027-02-16,Tue,Unpowered Tent Site,,not open,0,24.3,open,24.3,,
2027-02-17,Wed,2BR Chalet,,not open,0,135.0,open,135.0,,
2027-02-17,Wed,2BR Chalet Upgraded,,not open,0,153.0,open,153.0,,
2027-02-17,Wed,3BR Chalet,,not open,0,153.0,open,,,
2027-02-17,Wed,Powered Camper Trailer Site,,not open,0,29.7,open,29.7,,
2027-02-17,Wed,Powered Caravan Site,,not open,0,29.7,open,29.7,,
2027-02-17,Wed,Cedar Cabin,,not open,0,96.3,open,96.3,,
2027-02-17,Wed,Powered Motorhome Site,,not open,0,29.7,open,29.7,,
2027-02-17,Wed,Unpowered Tent Site,,not open,0,20.7,open,20.7,,
2027-02-18,Thu,2BR Chalet,,not open,0,149.4,open,149.4,,
2027-02-18,Thu,2BR Chalet Upgraded,,not open,0,167.4,open,167.4,,
2027-02-18,Thu,3BR Chalet,,not open,0,167.4,open,,,
2027-02-18,Thu,Powered Camper Trailer Site,,not open,0,34.2,open,34.2,,
2027-02-18,Thu,Powered Caravan Site,,not open,0,34.2,open,34.2,,
2027-02-18,Thu,Cedar Cabin,,not open,0,97.2,open,97.2,,
2027-02-18,Thu,Powered Motorhome Site,,not open,0,34.2,open,34.2,,
2027-02-18,Thu,Unpowered Tent Site,,not open,0,25.2,open,25.2,,
2027-02-19,Fri,2BR Chalet,,not open,0,162.9,open,162.9,,
2027-02-19,Fri,2BR Chalet Upgraded,,not open,0,180.9,open,180.9,,
2027-02-19,Fri,3BR Chalet,,not open,0,180.9,open,,,
2027-02-19,Fri,Powered Camper Trailer Site,,not open,0,36.0,open,36.0,,
2027-02-19,Fri,Powered Caravan Site,,not open,0,36.0,open,36.0,,
2027-02-19,Fri,Cedar Cabin,,not open,0,103.5,open,103.5,,
2027-02-19,Fri,Powered Motorhome Site,,not open,0,36.0,open,36.0,,
2027-02-19,Fri,Unpowered Tent Site,,not open,0,27.0,open,27.0,,
2027-02-20,Sat,2BR Chalet,,not open,0,167.4,open,167.4,,
2027-02-20,Sat,2BR Chalet Upgraded,,not open,0,185.4,open,185.4,,
2027-02-20,Sat,3BR Chalet,,not open,0,185.4,open,,,
2027-02-20,Sat,Powered Camper Trailer Site,,not open,0,35.1,open,35.1,,
2027-02-20,Sat,Powered Caravan Site,,not open,0,35.1,open,35.1,,
2027-02-20,Sat,Cedar Cabin,,not open,0,104.4,open,104.4,,
2027-02-20,Sat,Powered Motorhome Site,,not open,0,35.1,open,35.1,,
2027-02-20,Sat,Unpowered Tent Site,,not open,0,26.1,open,26.1,,
2027-02-21,Sun,2BR Chalet,,not open,0,152.1,open,152.1,,
2027-02-21,Sun,2BR Chalet Upgraded,,not open,0,170.1,open,170.1,,
2027-02-21,Sun,3BR Chalet,,not open,0,170.1,open,,,
2027-02-21,Sun,Powered Camper Trailer Site,,not open,0,35.1,open,35.1,,
2027-02-21,Sun,Powered Caravan Site,,not open,0,35.1,open,35.1,,
2027-02-21,Sun,Cedar Cabin,,not open,0,85.5,open,85.5,,
2027-02-21,Sun,Powered Motorhome Site,,not open,0,35.1,open,35.1,,
2027-02-21,Sun,Unpowered Tent Site,,not open,0,26.1,open,26.1,,
2027-02-22,Mon,2BR Chalet,,not open,0,134.1,open,134.1,,
2027-02-22,Mon,2BR Chalet Upgraded,,not open,0,152.1,open,152.1,,
2027-02-22,Mon,3BR Chalet,,not open,0,152.1,open,,,
2027-02-22,Mon,Powered Camper Trailer Site,,not open,0,34.2,open,34.2,,
2027-02-22,Mon,Powered Caravan Site,,not open,0,34.2,open,34.2,,
2027-02-22,Mon,Cedar Cabin,,not open,0,97.2,open,97.2,,
2027-02-22,Mon,Powered Motorhome Site,,not open,0,34.2,open,34.2,,
2027-02-22,Mon,Unpowered Tent Site,,not open,0,25.2,open,25.2,,
2027-02-23,Tue,2BR Chalet,,not open,0,134.1,open,134.1,,
2027-02-23,Tue,2BR Chalet Upgraded,,not open,0,152.1,open,152.1,,
2027-02-23,Tue,3BR Chalet,,not open,0,152.1,open,,,
2027-02-23,Tue,Powered Camper Trailer Site,,not open,0,34.2,open,34.2,,
2027-02-23,Tue,Powered Caravan Site,,not open,0,34.2,open,34.2,,
2027-02-23,Tue,Cedar Cabin,,not open,0,96.3,open,96.3,,
2027-02-23,Tue,Powered Motorhome Site,,not open,0,34.2,open,34.2,,
2027-02-23,Tue,Unpowered Tent Site,,not open,0,25.2,open,25.2,,
2027-02-24,Wed,2BR Chalet,,not open,0,135.0,open,135.0,,
2027-02-24,Wed,2BR Chalet Upgraded,,not open,0,153.0,open,153.0,,
2027-02-24,Wed,3BR Chalet,,not open,0,153.0,open,,,
2027-02-24,Wed,Powered Camper Trailer Site,,not open,0,29.7,open,29.7,,
2027-02-24,Wed,Powered Caravan Site,,not open,0,29.7,open,29.7,,
2027-02-24,Wed,Cedar Cabin,,not open,0,96.3,open,96.3,,
2027-02-24,Wed,Powered Motorhome Site,,not open,0,29.7,open,29.7,,
2027-02-24,Wed,Unpowered Tent Site,,not open,0,20.7,open,20.7,,
2027-02-25,Thu,2BR Chalet,,not open,0,149.4,open,149.4,,
2027-02-25,Thu,2BR Chalet Upgraded,,not open,0,167.4,open,167.4,,
2027-02-25,Thu,3BR Chalet,,not open,0,167.4,open,,,
2027-02-25,Thu,Powered Camper Trailer Site,,not open,0,34.2,open,34.2,,
2027-02-25,Thu,Powered Caravan Site,,not open,0,34.2,open,34.2,,
2027-02-25,Thu,Cedar Cabin,,not open,0,97.2,open,97.2,,
2027-02-25,Thu,Powered Motorhome Site,,not open,0,34.2,open,34.2,,
2027-02-25,Thu,Unpowered Tent Site,,not open,0,25.2,open,25.2,,
2027-02-26,Fri,2BR Chalet,,not open,0,162.9,open,162.9,,
2027-02-26,Fri,2BR Chalet Upgraded,,not open,0,180.9,open,180.9,,
2027-02-26,Fri,3BR Chalet,,not open,0,180.9,open,,,
2027-02-26,Fri,Powered Camper Trailer Site,,not open,0,36.0,open,36.0,,
2027-02-26,Fri,Powered Caravan Site,,not open,0,36.0,open,36.0,,
2027-02-26,Fri,Cedar Cabin,,not open,0,104.4,open,104.4,,
2027-02-26,Fri,Powered Motorhome Site,,not open,0,36.0,open,36.0,,
2027-02-26,Fri,Unpowered Tent Site,,not open,0,27.0,open,27.0,,
2027-02-27,Sat,2BR Chalet,,not open,0,167.4,open,167.4,,
2027-02-27,Sat,2BR Chalet Upgraded,,not open,0,185.4,open,185.4,,
2027-02-27,Sat,3BR Chalet,,not open,0,185.4,open,,,
2027-02-27,Sat,Powered Camper Trailer Site,,not open,0,35.1,open,35.1,,
2027-02-27,Sat,Powered Caravan Site,,not open,0,35.1,open,35.1,,
2027-02-27,Sat,Cedar Cabin,,not open,0,104.4,open,104.4,,
2027-02-27,Sat,Powered Motorhome Site,,not open,0,35.1,open,35.1,,
2027-02-27,Sat,Unpowered Tent Site,,not open,0,26.1,open,26.1,,
2027-02-28,Sun,2BR Chalet,,not open,0,152.1,open,152.1,,
2027-02-28,Sun,2BR Chalet Upgraded,,not open,0,170.1,open,170.1,,
2027-02-28,Sun,3BR Chalet,,not open,0,170.1,open,,,
2027-02-28,Sun,Powered Camper Trailer Site,,not open,0,31.5,open,31.5,,
2027-02-28,Sun,Powered Caravan Site,,not open,0,31.5,open,31.5,,
2027-02-28,Sun,Cedar Cabin,,not open,0,86.4,open,86.4,,
2027-02-28,Sun,Powered Motorhome Site,,not open,0,31.5,open,31.5,,
2027-02-28,Sun,Unpowered Tent Site,,not open,0,22.5,open,22.5,,
2027-03-01,Mon,2BR Chalet,,not open,0,134.1,open,134.1,,
2027-03-01,Mon,2BR Chalet Upgraded,,not open,0,152.1,open,152.1,,
2027-03-01,Mon,3BR Chalet,,not open,0,152.1,open,,,
2027-03-01,Mon,Powered Camper Trailer Site,,not open,0,31.5,open,31.5,,
2027-03-01,Mon,Powered Caravan Site,,not open,0,31.5,open,31.5,,
2027-03-01,Mon,Cedar Cabin,,not open,0,86.4,open,86.4,,
2027-03-01,Mon,Powered Motorhome Site,,not open,0,31.5,open,31.5,,
2027-03-01,Mon,Unpowered Tent Site,,not open,0,22.5,open,22.5,,
2027-03-02,Tue,2BR Chalet,,not open,0,134.1,open,134.1,,
2027-03-02,Tue,2BR Chalet Upgraded,,not open,0,152.1,open,152.1,,
2027-03-02,Tue,3BR Chalet,,not open,0,152.1,open,,,
2027-03-02,Tue,Powered Camper Trailer Site,,not open,0,31.5,open,31.5,,
2027-03-02,Tue,Powered Caravan Site,,not open,0,31.5,open,31.5,,
2027-03-02,Tue,Cedar Cabin,,not open,0,98.1,open,98.1,,
2027-03-02,Tue,Powered Motorhome Site,,not open,0,31.5,open,31.5,,
2027-03-02,Tue,Unpowered Tent Site,,not open,0,22.5,open,22.5,,
2027-03-03,Wed,2BR Chalet,,not open,0,134.1,open,134.1,,
2027-03-03,Wed,2BR Chalet Upgraded,,not open,0,152.1,open,152.1,,
2027-03-03,Wed,3BR Chalet,,not open,0,152.1,open,,,
2027-03-03,Wed,Powered Camper Trailer Site,,not open,0,31.5,open,31.5,,
2027-03-03,Wed,Powered Caravan Site,,not open,0,31.5,open,31.5,,
2027-03-03,Wed,Cedar Cabin,,not open,0,97.2,open,97.2,,
2027-03-03,Wed,Powered Motorhome Site,,not open,0,31.5,open,31.5,,
2027-03-03,Wed,Unpowered Tent Site,,not open,0,22.5,open,22.5,,
2027-03-04,Thu,2BR Chalet,,not open,0,145.8,open,145.8,,
2027-03-04,Thu,2BR Chalet Upgraded,,not open,0,163.8,open,163.8,,
2027-03-04,Thu,3BR Chalet,,not open,0,163.8,open,,,
2027-03-04,Thu,Powered Camper Trailer Site,,not open,0,32.4,open,32.4,,
2027-03-04,Thu,Powered Caravan Site,,not open,0,32.4,open,32.4,,
2027-03-04,Thu,Cedar Cabin,,not open,0,87.3,open,87.3,,
2027-03-04,Thu,Powered Motorhome Site,,not open,0,32.4,open,32.4,,
2027-03-04,Thu,Unpowered Tent Site,,not open,0,23.4,open,23.4,,
2027-03-05,Fri,2BR Chalet,,not open,0,162.9,open,162.9,,
2027-03-05,Fri,2BR Chalet Upgraded,,not open,0,180.9,open,180.9,,
2027-03-05,Fri,3BR Chalet,,not open,0,180.9,open,,,
2027-03-05,Fri,Powered Camper Trailer Site,,not open,0,37.8,open,37.8,,
2027-03-05,Fri,Powered Caravan Site,,not open,0,37.8,open,37.8,,
2027-03-05,Fri,Cedar Cabin,,not open,0,108.9,open,108.9,,
2027-03-05,Fri,Powered Motorhome Site,,not open,0,37.8,open,37.8,,
2027-03-05,Fri,Unpowered Tent Site,,not open,0,28.8,open,28.8,,
2027-03-06,Sat,2BR Chalet,,not open,0,167.4,open,167.4,,
2027-03-06,Sat,2BR Chalet Upgraded,,not open,0,185.4,open,185.4,,
2027-03-06,Sat,3BR Chalet,,not open,0,185.4,open,,,
2027-03-06,Sat,Powered Camper Trailer Site,,not open,0,37.8,open,37.8,,
2027-03-06,Sat,Powered Caravan Site,,not open,0,37.8,open,37.8,,
2027-03-06,Sat,Cedar Cabin,,not open,0,115.2,open,115.2,,
2027-03-06,Sat,Powered Motorhome Site,,not open,0,37.8,open,37.8,,
2027-03-06,Sat,Unpowered Tent Site,,not open,0,28.8,open,28.8,,
2027-03-07,Sun,2BR Chalet,,not open,0,152.1,open,152.1,,
2027-03-07,Sun,2BR Chalet Upgraded,,not open,0,170.1,open,170.1,,
2027-03-07,Sun,3BR Chalet,,not open,0,170.1,open,,,
2027-03-07,Sun,Powered Camper Trailer Site,,not open,0,32.4,open,32.4,,
2027-03-07,Sun,Powered Caravan Site,,not open,0,32.4,open,32.4,,
2027-03-07,Sun,Cedar Cabin,,not open,0,90.0,open,90.0,,
2027-03-07,Sun,Powered Motorhome Site,,not open,0,32.4,open,32.4,,
2027-03-07,Sun,Unpowered Tent Site,,not open,0,23.4,open,23.4,,
2027-03-08,Mon,2BR Chalet,,not open,0,134.1,open,134.1,,
2027-03-08,Mon,2BR Chalet Upgraded,,not open,0,152.1,open,152.1,,
2027-03-08,Mon,3BR Chalet,,not open,0,152.1,open,,,
2027-03-08,Mon,Powered Camper Trailer Site,,not open,0,32.4,open,32.4,,
2027-03-08,Mon,Powered Caravan Site,,not open,0,32.4,open,32.4,,
2027-03-08,Mon,Cedar Cabin,,not open,0,87.3,open,87.3,,
2027-03-08,Mon,Powered Motorhome Site,,not open,0,32.4,open,32.4,,
2027-03-08,Mon,Unpowered Tent Site,,not open,0,23.4,open,23.4,,
2027-03-09,Tue,2BR Chalet,,not open,0,134.1,open,134.1,,
2027-03-09,Tue,2BR Chalet Upgraded,,not open,0,152.1,open,152.1,,
2027-03-09,Tue,3BR Chalet,,not open,0,152.1,open,,,
2027-03-09,Tue,Powered Camper Trailer Site,,not open,0,31.5,open,31.5,,
2027-03-09,Tue,Powered Caravan Site,,not open,0,31.5,open,31.5,,
2027-03-09,Tue,Cedar Cabin,,not open,0,86.4,open,86.4,,
2027-03-09,Tue,Powered Motorhome Site,,not open,0,31.5,open,31.5,,
2027-03-09,Tue,Unpowered Tent Site,,not open,0,22.5,open,22.5,,
2027-03-10,Wed,2BR Chalet,,not open,0,134.1,open,134.1,,
2027-03-10,Wed,2BR Chalet Upgraded,,not open,0,152.1,open,152.1,,
2027-03-10,Wed,3BR Chalet,,not open,0,152.1,open,,,
2027-03-10,Wed,Powered Camper Trailer Site,,not open,0,31.5,open,31.5,,
2027-03-10,Wed,Powered Caravan Site,,not open,0,31.5,open,31.5,,
2027-03-10,Wed,Cedar Cabin,,not open,0,85.5,open,85.5,,
2027-03-10,Wed,Powered Motorhome Site,,not open,0,31.5,open,31.5,,
2027-03-10,Wed,Unpowered Tent Site,,not open,0,22.5,open,22.5,,
2027-03-11,Thu,2BR Chalet,,not open,0,146.7,open,146.7,,
2027-03-11,Thu,2BR Chalet Upgraded,,not open,0,164.7,open,164.7,,
2027-03-11,Thu,3BR Chalet,,not open,0,164.7,open,,,
2027-03-11,Thu,Powered Camper Trailer Site,,not open,0,32.4,open,32.4,,
2027-03-11,Thu,Powered Caravan Site,,not open,0,32.4,open,32.4,,
2027-03-11,Thu,Cedar Cabin,,not open,0,87.3,open,87.3,,
2027-03-11,Thu,Powered Motorhome Site,,not open,0,32.4,open,32.4,,
2027-03-11,Thu,Unpowered Tent Site,,not open,0,23.4,open,23.4,,
2027-03-12,Fri,2BR Chalet,,not open,0,162.0,open,162.0,,
2027-03-12,Fri,2BR Chalet Upgraded,,not open,0,180.0,open,180.0,,
2027-03-12,Fri,3BR Chalet,,not open,0,180.0,open,,,
2027-03-12,Fri,Powered Camper Trailer Site,,not open,0,37.8,open,37.8,,
2027-03-12,Fri,Powered Caravan Site,,not open,0,37.8,open,37.8,,
2027-03-12,Fri,Cedar Cabin,,not open,0,109.8,open,109.8,,
2027-03-12,Fri,Powered Motorhome Site,,not open,0,37.8,open,37.8,,
2027-03-12,Fri,Unpowered Tent Site,,not open,0,28.8,open,28.8,,
2027-03-13,Sat,2BR Chalet,,not open,0,166.5,open,166.5,,
2027-03-13,Sat,2BR Chalet Upgraded,,not open,0,184.5,open,184.5,,
2027-03-13,Sat,3BR Chalet,,not open,0,184.5,open,,,
2027-03-13,Sat,Powered Camper Trailer Site,,not open,0,37.8,open,37.8,,
2027-03-13,Sat,Powered Caravan Site,,not open,0,37.8,open,37.8,,
2027-03-13,Sat,Cedar Cabin,,not open,0,115.2,open,115.2,,
2027-03-13,Sat,Powered Motorhome Site,,not open,0,37.8,open,37.8,,
2027-03-13,Sat,Unpowered Tent Site,,not open,0,28.8,open,28.8,,
2027-03-14,Sun,2BR Chalet,,not open,0,152.1,open,152.1,,
2027-03-14,Sun,2BR Chalet Upgraded,,not open,0,170.1,open,170.1,,
2027-03-14,Sun,3BR Chalet,,not open,0,170.1,open,,,
2027-03-14,Sun,Powered Camper Trailer Site,,not open,0,32.4,open,32.4,,
2027-03-14,Sun,Powered Caravan Site,,not open,0,32.4,open,32.4,,
2027-03-14,Sun,Cedar Cabin,,not open,0,90.0,open,90.0,,
2027-03-14,Sun,Powered Motorhome Site,,not open,0,32.4,open,32.4,,
2027-03-14,Sun,Unpowered Tent Site,,not open,0,23.4,open,23.4,,
2027-03-15,Mon,2BR Chalet,,not open,0,134.1,open,134.1,,
2027-03-15,Mon,2BR Chalet Upgraded,,not open,0,152.1,open,152.1,,
2027-03-15,Mon,3BR Chalet,,not open,0,152.1,open,,,
2027-03-15,Mon,Powered Camper Trailer Site,,not open,0,32.4,open,32.4,,
2027-03-15,Mon,Powered Caravan Site,,not open,0,32.4,open,32.4,,
2027-03-15,Mon,Cedar Cabin,,not open,0,88.2,open,88.2,,
2027-03-15,Mon,Powered Motorhome Site,,not open,0,32.4,open,32.4,,
2027-03-15,Mon,Unpowered Tent Site,,not open,0,23.4,open,23.4,,
2027-03-16,Tue,2BR Chalet,,not open,0,134.1,open,134.1,,
2027-03-16,Tue,2BR Chalet Upgraded,,not open,0,152.1,open,152.1,,
2027-03-16,Tue,3BR Chalet,,not open,0,152.1,open,,,
2027-03-16,Tue,Powered Camper Trailer Site,,not open,0,31.5,open,31.5,,
2027-03-16,Tue,Powered Caravan Site,,not open,0,31.5,open,31.5,,
2027-03-16,Tue,Cedar Cabin,,not open,0,87.3,open,87.3,,
2027-03-16,Tue,Powered Motorhome Site,,not open,0,31.5,open,31.5,,
2027-03-16,Tue,Unpowered Tent Site,,not open,0,22.5,open,22.5,,
2027-03-17,Wed,2BR Chalet,,not open,0,135.0,open,135.0,,
2027-03-17,Wed,2BR Chalet Upgraded,,not open,0,153.0,open,153.0,,
2027-03-17,Wed,3BR Chalet,,not open,0,153.0,open,,,
2027-03-17,Wed,Powered Camper Trailer Site,,not open,0,31.5,open,31.5,,
2027-03-17,Wed,Powered Caravan Site,,not open,0,31.5,open,31.5,,
2027-03-17,Wed,Cedar Cabin,,not open,0,86.4,open,86.4,,
2027-03-17,Wed,Powered Motorhome Site,,not open,0,31.5,open,31.5,,
2027-03-17,Wed,Unpowered Tent Site,,not open,0,22.5,open,22.5,,
2027-03-18,Thu,2BR Chalet,,not open,0,149.4,open,149.4,,
2027-03-18,Thu,2BR Chalet Upgraded,,not open,0,167.4,open,167.4,,
2027-03-18,Thu,3BR Chalet,,not open,0,167.4,open,,,
2027-03-18,Thu,Powered Camper Trailer Site,,not open,0,32.4,open,32.4,,
2027-03-18,Thu,Powered Caravan Site,,not open,0,32.4,open,32.4,,
2027-03-18,Thu,Cedar Cabin,,not open,0,88.2,open,88.2,,
2027-03-18,Thu,Powered Motorhome Site,,not open,0,32.4,open,32.4,,
2027-03-18,Thu,Unpowered Tent Site,,not open,0,23.4,open,23.4,,
2027-03-19,Fri,2BR Chalet,,sold out,0,163.8,open,163.8,,
2027-03-19,Fri,2BR Chalet Upgraded,,sold out,0,181.8,open,181.8,,
2027-03-19,Fri,3BR Chalet,,sold out,0,181.8,open,,,
2027-03-19,Fri,Powered Camper Trailer Site,,not open,0,38.7,open,38.7,,
2027-03-19,Fri,Powered Caravan Site,,not open,0,38.7,open,38.7,,
2027-03-19,Fri,Cedar Cabin,,sold out,0,109.8,open,109.8,,
2027-03-19,Fri,Powered Motorhome Site,,not open,0,38.7,open,38.7,,
2027-03-19,Fri,Unpowered Tent Site,,not open,0,29.7,open,29.7,,
2027-03-20,Sat,2BR Chalet,,sold out,0,167.4,open,167.4,,
2027-03-20,Sat,2BR Chalet Upgraded,,sold out,0,185.4,open,185.4,,
2027-03-20,Sat,3BR Chalet,,sold out,0,185.4,open,,,
2027-03-20,Sat,Powered Camper Trailer Site,,not open,0,33.3,open,33.3,,
2027-03-20,Sat,Powered Caravan Site,,not open,0,33.3,open,33.3,,
2027-03-20,Sat,Cedar Cabin,,sold out,0,113.4,open,113.4,,
2027-03-20,Sat,Powered Motorhome Site,,not open,0,33.3,open,33.3,,
2027-03-20,Sat,Unpowered Tent Site,,not open,0,24.3,open,24.3,,
2027-03-21,Sun,2BR Chalet,,not open,0,134.1,open,134.1,,
2027-03-21,Sun,2BR Chalet Upgraded,,not open,0,152.1,open,152.1,,
2027-03-21,Sun,3BR Chalet,,not open,0,152.1,open,,,
2027-03-21,Sun,Powered Camper Trailer Site,,not open,0,33.3,open,33.3,,
2027-03-21,Sun,Powered Caravan Site,,not open,0,33.3,open,33.3,,
2027-03-21,Sun,Cedar Cabin,,not open,0,91.8,open,91.8,,
2027-03-21,Sun,Powered Motorhome Site,,not open,0,33.3,open,33.3,,
2027-03-21,Sun,Unpowered Tent Site,,not open,0,24.3,open,24.3,,
2027-03-22,Mon,2BR Chalet,,not open,0,136.8,open,136.8,,
2027-03-22,Mon,2BR Chalet Upgraded,,not open,0,154.8,open,154.8,,
2027-03-22,Mon,3BR Chalet,,not open,0,154.8,open,,,
2027-03-22,Mon,Powered Camper Trailer Site,,not open,0,32.4,open,32.4,,
2027-03-22,Mon,Powered Caravan Site,,not open,0,32.4,open,32.4,,
2027-03-22,Mon,Cedar Cabin,,not open,0,90.9,open,90.9,,
2027-03-22,Mon,Powered Motorhome Site,,not open,0,32.4,open,32.4,,
2027-03-22,Mon,Unpowered Tent Site,,not open,0,23.4,open,23.4,,
2027-03-23,Tue,2BR Chalet,,not open,0,135.9,open,135.9,,
2027-03-23,Tue,2BR Chalet Upgraded,,not open,0,153.9,open,153.9,,
2027-03-23,Tue,3BR Chalet,,not open,0,153.9,open,,,
2027-03-23,Tue,Powered Camper Trailer Site,,not open,0,33.3,open,33.3,,
2027-03-23,Tue,Powered Caravan Site,,not open,0,33.3,open,33.3,,
2027-03-23,Tue,Cedar Cabin,,not open,0,91.8,open,91.8,,
2027-03-23,Tue,Powered Motorhome Site,,not open,0,33.3,open,33.3,,
2027-03-23,Tue,Unpowered Tent Site,,not open,0,24.3,open,24.3,,
2027-03-24,Wed,2BR Chalet,,not open,0,143.1,open,143.1,,
2027-03-24,Wed,2BR Chalet Upgraded,,not open,0,161.1,open,161.1,,
2027-03-24,Wed,3BR Chalet,,not open,0,161.1,open,,,
2027-03-24,Wed,Powered Camper Trailer Site,,not open,0,30.6,open,30.6,,
2027-03-24,Wed,Powered Caravan Site,,not open,0,30.6,open,30.6,,
2027-03-24,Wed,Cedar Cabin,,not open,0,94.5,open,94.5,,
2027-03-24,Wed,Powered Motorhome Site,,not open,0,30.6,open,30.6,,
2027-03-24,Wed,Unpowered Tent Site,,not open,0,21.6,open,21.6,,
2027-03-25,Thu,2BR Chalet,,not open,0,152.1,open,152.1,,
2027-03-25,Thu,2BR Chalet Upgraded,,not open,0,170.1,open,170.1,,
2027-03-25,Thu,3BR Chalet,,not open,0,170.1,open,,,
2027-03-25,Thu,Powered Camper Trailer Site,,not open,0,35.1,open,35.1,,
2027-03-25,Thu,Powered Caravan Site,,not open,0,35.1,open,35.1,,
2027-03-25,Thu,Cedar Cabin,,not open,0,98.1,open,98.1,,
2027-03-25,Thu,Powered Motorhome Site,,not open,0,35.1,open,35.1,,
2027-03-25,Thu,Unpowered Tent Site,,not open,0,26.1,open,26.1,,
2027-03-26,Fri,2BR Chalet,,not open,0,288.0,open,288.0,,
2027-03-26,Fri,2BR Chalet Upgraded,,not open,0,306.0,open,306.0,,
2027-03-26,Fri,3BR Chalet,,not open,0,306.0,open,,,
2027-03-26,Fri,Powered Camper Trailer Site,,not open,0,54.0,open,54.0,,
2027-03-26,Fri,Powered Caravan Site,,not open,0,54.0,open,54.0,,
2027-03-26,Fri,Cedar Cabin,,not open,0,153.9,open,153.9,,
2027-03-26,Fri,Powered Motorhome Site,,not open,0,54.0,open,54.0,,
2027-03-26,Fri,Unpowered Tent Site,,not open,0,45.0,open,45.0,,
2027-03-27,Sat,2BR Chalet,,not open,0,288.0,open,288.0,,
2027-03-27,Sat,2BR Chalet Upgraded,,not open,0,306.0,open,306.0,,
2027-03-27,Sat,3BR Chalet,,not open,0,306.0,open,,,
2027-03-27,Sat,Powered Camper Trailer Site,,not open,0,63.0,open,63.0,,
2027-03-27,Sat,Powered Caravan Site,,not open,0,63.0,open,63.0,,
2027-03-27,Sat,Cedar Cabin,,not open,0,145.8,open,145.8,,
2027-03-27,Sat,Powered Motorhome Site,,not open,0,63.0,open,63.0,,
2027-03-27,Sat,Unpowered Tent Site,,not open,0,54.0,open,54.0,,
2027-03-28,Sun,2BR Chalet,,not open,0,288.0,open,288.0,,
2027-03-28,Sun,2BR Chalet Upgraded,,not open,0,306.0,open,306.0,,
2027-03-28,Sun,3BR Chalet,,not open,0,306.0,open,,,
2027-03-28,Sun,Powered Camper Trailer Site,,not open,0,52.2,open,52.2,,
2027-03-28,Sun,Powered Caravan Site,,not open,0,52.2,open,52.2,,
2027-03-28,Sun,Cedar Cabin,,not open,0,149.4,open,149.4,,
2027-03-28,Sun,Powered Motorhome Site,,not open,0,52.2,open,52.2,,
2027-03-28,Sun,Unpowered Tent Site,,not open,0,43.2,open,43.2,,
2027-03-29,Mon,2BR Chalet,,not open,0,270.9,open,270.9,,
2027-03-29,Mon,2BR Chalet Upgraded,,not open,0,288.9,open,288.9,,
2027-03-29,Mon,3BR Chalet,,not open,0,288.9,open,,,
2027-03-29,Mon,Powered Camper Trailer Site,,not open,0,49.5,open,49.5,,
2027-03-29,Mon,Powered Caravan Site,,not open,0,49.5,open,49.5,,
2027-03-29,Mon,Cedar Cabin,,not open,0,133.2,open,133.2,,
2027-03-29,Mon,Powered Motorhome Site,,not open,0,49.5,open,49.5,,
2027-03-29,Mon,Unpowered Tent Site,,not open,0,40.5,open,40.5,,
2027-03-30,Tue,2BR Chalet,,not open,0,142.2,open,142.2,,
2027-03-30,Tue,2BR Chalet Upgraded,,not open,0,160.2,open,160.2,,
2027-03-30,Tue,3BR Chalet,,not open,0,160.2,open,,,
2027-03-30,Tue,Powered Camper Trailer Site,,not open,0,35.1,open,35.1,,
2027-03-30,Tue,Powered Caravan Site,,not open,0,35.1,open,35.1,,
2027-03-30,Tue,Cedar Cabin,,not open,0,86.4,open,86.4,,
2027-03-30,Tue,Powered Motorhome Site,,not open,0,35.1,open,35.1,,
2027-03-30,Tue,Unpowered Tent Site,,not open,0,26.1,open,26.1,,
2027-03-31,Wed,2BR Chalet,,not open,0,140.4,open,140.4,,
2027-03-31,Wed,2BR Chalet Upgraded,,not open,0,158.4,open,158.4,,
2027-03-31,Wed,3BR Chalet,,not open,0,158.4,open,,,
2027-03-31,Wed,Powered Camper Trailer Site,,not open,0,35.1,open,35.1,,
2027-03-31,Wed,Powered Caravan Site,,not open,0,35.1,open,35.1,,
2027-03-31,Wed,Cedar Cabin,,not open,0,94.5,open,94.5,,
2027-03-31,Wed,Powered Motorhome Site,,not open,0,35.1,open,35.1,,
2027-03-31,Wed,Unpowered Tent Site,,not open,0,26.1,open,26.1,,
2027-04-01,Thu,2BR Chalet,,not open,0,152.1,open,152.1,,
2027-04-01,Thu,2BR Chalet Upgraded,,not open,0,170.1,open,170.1,,
2027-04-01,Thu,3BR Chalet,,not open,0,170.1,open,,,
2027-04-01,Thu,Powered Camper Trailer Site,,not open,0,32.4,open,32.4,,
2027-04-01,Thu,Powered Caravan Site,,not open,0,32.4,open,32.4,,
2027-04-01,Thu,Cedar Cabin,,not open,0,91.8,open,91.8,,
2027-04-01,Thu,Powered Motorhome Site,,not open,0,32.4,open,32.4,,
2027-04-01,Thu,Unpowered Tent Site,,not open,0,23.4,open,23.4,,
2027-04-02,Fri,2BR Chalet,,not open,0,170.1,open,170.1,,
2027-04-02,Fri,2BR Chalet Upgraded,,not open,0,188.1,open,188.1,,
2027-04-02,Fri,3BR Chalet,,not open,0,188.1,open,,,
2027-04-02,Fri,Powered Camper Trailer Site,,not open,0,37.8,open,37.8,,
2027-04-02,Fri,Powered Caravan Site,,not open,0,37.8,open,37.8,,
2027-04-02,Fri,Cedar Cabin,,not open,0,112.5,open,112.5,,
2027-04-02,Fri,Powered Motorhome Site,,not open,0,37.8,open,37.8,,
2027-04-02,Fri,Unpowered Tent Site,,not open,0,28.8,open,28.8,,
2027-04-03,Sat,2BR Chalet,,not open,0,170.1,open,170.1,,
2027-04-03,Sat,2BR Chalet Upgraded,,not open,0,188.1,open,188.1,,
2027-04-03,Sat,3BR Chalet,,not open,0,188.1,open,,,
2027-04-03,Sat,Powered Camper Trailer Site,,not open,0,32.4,open,32.4,,
2027-04-03,Sat,Powered Caravan Site,,not open,0,32.4,open,32.4,,
2027-04-03,Sat,Cedar Cabin,,not open,0,114.3,open,114.3,,
2027-04-03,Sat,Powered Motorhome Site,,not open,0,32.4,open,32.4,,
2027-04-03,Sat,Unpowered Tent Site,,not open,0,23.4,open,23.4,,
2027-04-04,Sun,2BR Chalet,,not open,0,138.6,open,138.6,,
2027-04-04,Sun,2BR Chalet Upgraded,,not open,0,156.6,open,156.6,,
2027-04-04,Sun,3BR Chalet,,not open,0,156.6,open,,,
2027-04-04,Sun,Powered Camper Trailer Site,,not open,0,31.5,open,31.5,,
2027-04-04,Sun,Powered Caravan Site,,not open,0,31.5,open,31.5,,
2027-04-04,Sun,Cedar Cabin,,not open,0,92.7,open,92.7,,
2027-04-04,Sun,Powered Motorhome Site,,not open,0,31.5,open,31.5,,
2027-04-04,Sun,Unpowered Tent Site,,not open,0,22.5,open,22.5,,
2027-04-05,Mon,2BR Chalet,,not open,0,144.0,open,144.0,,
2027-04-05,Mon,2BR Chalet Upgraded,,not open,0,162.0,open,162.0,,
2027-04-05,Mon,3BR Chalet,,not open,0,162.0,open,,,
2027-04-05,Mon,Powered Camper Trailer Site,,not open,0,35.1,open,35.1,,
2027-04-05,Mon,Powered Caravan Site,,not open,0,35.1,open,35.1,,
2027-04-05,Mon,Cedar Cabin,,not open,0,90.0,open,90.0,,
2027-04-05,Mon,Powered Motorhome Site,,not open,0,35.1,open,35.1,,
2027-04-05,Mon,Unpowered Tent Site,,not open,0,26.1,open,26.1,,
2027-04-06,Tue,2BR Chalet,,not open,0,137.7,open,137.7,,
2027-04-06,Tue,2BR Chalet Upgraded,,not open,0,155.7,open,155.7,,
2027-04-06,Tue,3BR Chalet,,not open,0,155.7,open,,,
2027-04-06,Tue,Powered Camper Trailer Site,,not open,0,30.6,open,30.6,,
2027-04-06,Tue,Powered Caravan Site,,not open,0,30.6,open,30.6,,
2027-04-06,Tue,Cedar Cabin,,not open,0,89.1,open,89.1,,
2027-04-06,Tue,Powered Motorhome Site,,not open,0,30.6,open,30.6,,
2027-04-06,Tue,Unpowered Tent Site,,not open,0,21.6,open,21.6,,
2027-04-07,Wed,2BR Chalet,,not open,0,148.5,open,148.5,,
2027-04-07,Wed,2BR Chalet Upgraded,,not open,0,166.5,open,166.5,,
2027-04-07,Wed,3BR Chalet,,not open,0,166.5,open,,,
2027-04-07,Wed,Powered Camper Trailer Site,,not open,0,30.6,open,30.6,,
2027-04-07,Wed,Powered Caravan Site,,not open,0,30.6,open,30.6,,
2027-04-07,Wed,Cedar Cabin,,not open,0,87.3,open,87.3,,
2027-04-07,Wed,Powered Motorhome Site,,not open,0,30.6,open,30.6,,
2027-04-07,Wed,Unpowered Tent Site,,not open,0,21.6,open,21.6,,
2027-04-08,Thu,2BR Chalet,,not open,0,135.0,open,135.0,,
2027-04-08,Thu,2BR Chalet Upgraded,,not open,0,153.0,open,153.0,,
2027-04-08,Thu,3BR Chalet,,not open,0,153.0,open,,,
2027-04-08,Thu,Powered Camper Trailer Site,,not open,0,35.1,open,35.1,,
2027-04-08,Thu,Powered Caravan Site,,not open,0,35.1,open,35.1,,
2027-04-08,Thu,Cedar Cabin,,not open,0,89.1,open,89.1,,
2027-04-08,Thu,Powered Motorhome Site,,not open,0,35.1,open,35.1,,
2027-04-08,Thu,Unpowered Tent Site,,not open,0,26.1,open,26.1,,
2027-04-09,Fri,2BR Chalet,,not open,0,170.1,open,170.1,,
2027-04-09,Fri,2BR Chalet Upgraded,,not open,0,188.1,open,188.1,,
2027-04-09,Fri,3BR Chalet,,not open,0,188.1,open,,,
2027-04-09,Fri,Powered Camper Trailer Site,,not open,0,36.0,open,36.0,,
2027-04-09,Fri,Powered Caravan Site,,not open,0,36.0,open,36.0,,
2027-04-09,Fri,Cedar Cabin,,not open,0,113.4,open,113.4,,
2027-04-09,Fri,Powered Motorhome Site,,not open,0,36.0,open,36.0,,
2027-04-09,Fri,Unpowered Tent Site,,not open,0,27.0,open,27.0,,
2027-04-10,Sat,2BR Chalet,,not open,0,170.1,open,170.1,,
2027-04-10,Sat,2BR Chalet Upgraded,,not open,0,188.1,open,188.1,,
2027-04-10,Sat,3BR Chalet,,not open,0,188.1,open,,,
2027-04-10,Sat,Powered Camper Trailer Site,,not open,0,36.0,open,36.0,,
2027-04-10,Sat,Powered Caravan Site,,not open,0,36.0,open,36.0,,
2027-04-10,Sat,Cedar Cabin,,not open,0,114.3,open,114.3,,
2027-04-10,Sat,Powered Motorhome Site,,not open,0,36.0,open,36.0,,
2027-04-10,Sat,Unpowered Tent Site,,not open,0,27.0,open,27.0,,
2027-04-11,Sun,2BR Chalet,,not open,0,137.7,open,137.7,,
2027-04-11,Sun,2BR Chalet Upgraded,,not open,0,155.7,open,155.7,,
2027-04-11,Sun,3BR Chalet,,not open,0,155.7,open,,,
2027-04-11,Sun,Powered Camper Trailer Site,,not open,0,30.6,open,30.6,,
2027-04-11,Sun,Powered Caravan Site,,not open,0,30.6,open,30.6,,
2027-04-11,Sun,Cedar Cabin,,not open,0,91.8,open,91.8,,
2027-04-11,Sun,Powered Motorhome Site,,not open,0,30.6,open,30.6,,
2027-04-11,Sun,Unpowered Tent Site,,not open,0,21.6,open,21.6,,
2027-04-12,Mon,2BR Chalet,,not open,0,145.8,open,145.8,,
2027-04-12,Mon,2BR Chalet Upgraded,,not open,0,163.8,open,163.8,,
2027-04-12,Mon,3BR Chalet,,not open,0,163.8,open,,,
2027-04-12,Mon,Powered Camper Trailer Site,,not open,0,34.2,open,34.2,,
2027-04-12,Mon,Powered Caravan Site,,not open,0,34.2,open,34.2,,
2027-04-12,Mon,Cedar Cabin,,not open,0,89.1,open,89.1,,
2027-04-12,Mon,Powered Motorhome Site,,not open,0,34.2,open,34.2,,
2027-04-12,Mon,Unpowered Tent Site,,not open,0,25.2,open,25.2,,
2027-04-13,Tue,2BR Chalet,,not open,0,137.7,open,137.7,,
2027-04-13,Tue,2BR Chalet Upgraded,,not open,0,155.7,open,155.7,,
2027-04-13,Tue,3BR Chalet,,not open,0,155.7,open,,,
2027-04-13,Tue,Powered Camper Trailer Site,,not open,0,34.2,open,34.2,,
2027-04-13,Tue,Powered Caravan Site,,not open,0,34.2,open,34.2,,
2027-04-13,Tue,Cedar Cabin,,not open,0,88.2,open,88.2,,
2027-04-13,Tue,Powered Motorhome Site,,not open,0,34.2,open,34.2,,
2027-04-13,Tue,Unpowered Tent Site,,not open,0,25.2,open,25.2,,
2027-04-14,Wed,2BR Chalet,,not open,0,147.6,open,147.6,,
2027-04-14,Wed,2BR Chalet Upgraded,,not open,0,165.6,open,165.6,,
2027-04-14,Wed,3BR Chalet,,not open,0,165.6,open,,,
2027-04-14,Wed,Powered Camper Trailer Site,,not open,0,29.7,open,29.7,,
2027-04-14,Wed,Powered Caravan Site,,not open,0,29.7,open,29.7,,
2027-04-14,Wed,Cedar Cabin,,not open,0,87.3,open,87.3,,
2027-04-14,Wed,Powered Motorhome Site,,not open,0,29.7,open,29.7,,
2027-04-14,Wed,Unpowered Tent Site,,not open,0,20.7,open,20.7,,
2027-04-15,Thu,2BR Chalet,,not open,0,134.1,open,134.1,,
2027-04-15,Thu,2BR Chalet Upgraded,,not open,0,152.1,open,152.1,,
2027-04-15,Thu,3BR Chalet,,not open,0,152.1,open,,,
2027-04-15,Thu,Powered Camper Trailer Site,,not open,0,35.1,open,35.1,,
2027-04-15,Thu,Powered Caravan Site,,not open,0,35.1,open,35.1,,
2027-04-15,Thu,Cedar Cabin,,not open,0,88.2,open,88.2,,
2027-04-15,Thu,Powered Motorhome Site,,not open,0,35.1,open,35.1,,
2027-04-15,Thu,Unpowered Tent Site,,not open,0,26.1,open,26.1,,
2027-04-16,Fri,2BR Chalet,,not open,0,169.2,open,169.2,,
2027-04-16,Fri,2BR Chalet Upgraded,,not open,0,187.2,open,187.2,,
2027-04-16,Fri,3BR Chalet,,not open,0,187.2,open,,,
2027-04-16,Fri,Powered Camper Trailer Site,,not open,0,40.5,open,40.5,,
2027-04-16,Fri,Powered Caravan Site,,not open,0,40.5,open,40.5,,
2027-04-16,Fri,Cedar Cabin,,not open,0,113.4,open,113.4,,
2027-04-16,Fri,Powered Motorhome Site,,not open,0,40.5,open,40.5,,
2027-04-16,Fri,Unpowered Tent Site,,not open,0,31.5,open,31.5,,
2027-04-17,Sat,2BR Chalet,,not open,0,170.1,open,170.1,,
2027-04-17,Sat,2BR Chalet Upgraded,,not open,0,188.1,open,188.1,,
2027-04-17,Sat,3BR Chalet,,not open,0,188.1,open,,,
2027-04-17,Sat,Powered Camper Trailer Site,,not open,0,35.1,open,35.1,,
2027-04-17,Sat,Powered Caravan Site,,not open,0,35.1,open,35.1,,
2027-04-17,Sat,Cedar Cabin,,not open,0,114.3,open,114.3,,
2027-04-17,Sat,Powered Motorhome Site,,not open,0,35.1,open,35.1,,
2027-04-17,Sat,Unpowered Tent Site,,not open,0,26.1,open,26.1,,
2027-04-18,Sun,2BR Chalet,,not open,0,136.8,open,136.8,,
2027-04-18,Sun,2BR Chalet Upgraded,,not open,0,154.8,open,154.8,,
2027-04-18,Sun,3BR Chalet,,not open,0,154.8,open,,,
2027-04-18,Sun,Powered Camper Trailer Site,,not open,0,35.1,open,35.1,,
2027-04-18,Sun,Powered Caravan Site,,not open,0,35.1,open,35.1,,
2027-04-18,Sun,Cedar Cabin,,not open,0,90.9,open,90.9,,
2027-04-18,Sun,Powered Motorhome Site,,not open,0,35.1,open,35.1,,
2027-04-18,Sun,Unpowered Tent Site,,not open,0,26.1,open,26.1,,
2027-04-19,Mon,2BR Chalet,,not open,0,143.1,open,143.1,,
2027-04-19,Mon,2BR Chalet Upgraded,,not open,0,161.1,open,161.1,,
2027-04-19,Mon,3BR Chalet,,not open,0,161.1,open,,,
2027-04-19,Mon,Powered Camper Trailer Site,,not open,0,34.2,open,34.2,,
2027-04-19,Mon,Powered Caravan Site,,not open,0,34.2,open,34.2,,
2027-04-19,Mon,Cedar Cabin,,not open,0,88.2,open,88.2,,
2027-04-19,Mon,Powered Motorhome Site,,not open,0,34.2,open,34.2,,
2027-04-19,Mon,Unpowered Tent Site,,not open,0,25.2,open,25.2,,
2027-04-20,Tue,2BR Chalet,,not open,0,135.9,open,135.9,,
2027-04-20,Tue,2BR Chalet Upgraded,,not open,0,153.9,open,153.9,,
2027-04-20,Tue,3BR Chalet,,not open,0,153.9,open,,,
2027-04-20,Tue,Powered Camper Trailer Site,,not open,0,33.3,open,33.3,,
2027-04-20,Tue,Powered Caravan Site,,not open,0,33.3,open,33.3,,
2027-04-20,Tue,Cedar Cabin,,not open,0,87.3,open,87.3,,
2027-04-20,Tue,Powered Motorhome Site,,not open,0,33.3,open,33.3,,
2027-04-20,Tue,Unpowered Tent Site,,not open,0,24.3,open,24.3,,
2027-04-21,Wed,2BR Chalet,,not open,0,137.7,open,137.7,,
2027-04-21,Wed,2BR Chalet Upgraded,,not open,0,155.7,open,155.7,,
2027-04-21,Wed,3BR Chalet,,not open,0,155.7,open,,,
2027-04-21,Wed,Powered Camper Trailer Site,,not open,0,32.4,open,32.4,,
2027-04-21,Wed,Powered Caravan Site,,not open,0,32.4,open,32.4,,
2027-04-21,Wed,Cedar Cabin,,not open,0,86.4,open,86.4,,
2027-04-21,Wed,Powered Motorhome Site,,not open,0,32.4,open,32.4,,
2027-04-21,Wed,Unpowered Tent Site,,not open,0,23.4,open,23.4,,
2027-04-22,Thu,2BR Chalet,,not open,0,140.4,open,140.4,,
2027-04-22,Thu,2BR Chalet Upgraded,,not open,0,158.4,open,158.4,,
2027-04-22,Thu,3BR Chalet,,not open,0,158.4,open,,,
2027-04-22,Thu,Powered Camper Trailer Site,,not open,0,31.5,open,31.5,,
2027-04-22,Thu,Powered Caravan Site,,not open,0,31.5,open,31.5,,
2027-04-22,Thu,Cedar Cabin,,not open,0,86.4,open,86.4,,
2027-04-22,Thu,Powered Motorhome Site,,not open,0,31.5,open,31.5,,
2027-04-22,Thu,Unpowered Tent Site,,not open,0,22.5,open,22.5,,
2027-04-23,Fri,2BR Chalet,,not open,0,143.1,open,143.1,,
2027-04-23,Fri,2BR Chalet Upgraded,,not open,0,161.1,open,161.1,,
2027-04-23,Fri,3BR Chalet,,not open,0,161.1,open,,,
2027-04-23,Fri,Powered Camper Trailer Site,,not open,0,31.5,open,31.5,,
2027-04-23,Fri,Powered Caravan Site,,not open,0,31.5,open,31.5,,
2027-04-23,Fri,Cedar Cabin,,not open,0,116.1,open,116.1,,
2027-04-23,Fri,Powered Motorhome Site,,not open,0,31.5,open,31.5,,
2027-04-23,Fri,Unpowered Tent Site,,not open,0,22.5,open,22.5,,
2027-04-24,Sat,2BR Chalet,,not open,0,158.4,open,158.4,,
2027-04-24,Sat,2BR Chalet Upgraded,,not open,0,176.4,open,176.4,,
2027-04-24,Sat,3BR Chalet,,not open,0,176.4,open,,,
2027-04-24,Sat,Powered Camper Trailer Site,,not open,0,31.5,open,31.5,,
2027-04-24,Sat,Powered Caravan Site,,not open,0,31.5,open,31.5,,
2027-04-24,Sat,Cedar Cabin,,not open,0,115.2,open,115.2,,
2027-04-24,Sat,Powered Motorhome Site,,not open,0,31.5,open,31.5,,
2027-04-24,Sat,Unpowered Tent Site,,not open,0,22.5,open,22.5,,
2027-04-25,Sun,2BR Chalet,,not open,0,135.0,open,135.0,,
2027-04-25,Sun,2BR Chalet Upgraded,,not open,0,153.0,open,153.0,,
2027-04-25,Sun,3BR Chalet,,not open,0,153.0,open,,,
2027-04-25,Sun,Powered Camper Trailer Site,,not open,0,28.8,open,28.8,,
2027-04-25,Sun,Powered Caravan Site,,not open,0,28.8,open,28.8,,
2027-04-25,Sun,Cedar Cabin,,not open,0,96.3,open,96.3,,
2027-04-25,Sun,Powered Motorhome Site,,not open,0,28.8,open,28.8,,
2027-04-25,Sun,Unpowered Tent Site,,not open,0,19.8,open,19.8,,
2027-04-26,Mon,2BR Chalet,,not open,0,136.8,open,136.8,,
2027-04-26,Mon,2BR Chalet Upgraded,,not open,0,154.8,open,154.8,,
2027-04-26,Mon,3BR Chalet,,not open,0,154.8,open,,,
2027-04-26,Mon,Powered Camper Trailer Site,,not open,0,31.5,open,31.5,,
2027-04-26,Mon,Powered Caravan Site,,not open,0,31.5,open,31.5,,
2027-04-26,Mon,Cedar Cabin,,not open,0,88.2,open,88.2,,
2027-04-26,Mon,Powered Motorhome Site,,not open,0,31.5,open,31.5,,
2027-04-26,Mon,Unpowered Tent Site,,not open,0,22.5,open,22.5,,
2027-04-27,Tue,2BR Chalet,,not open,0,135.0,open,135.0,,
2027-04-27,Tue,2BR Chalet Upgraded,,not open,0,153.0,open,153.0,,
2027-04-27,Tue,3BR Chalet,,not open,0,153.0,open,,,
2027-04-27,Tue,Powered Camper Trailer Site,,not open,0,32.4,open,32.4,,
2027-04-27,Tue,Powered Caravan Site,,not open,0,32.4,open,32.4,,
2027-04-27,Tue,Cedar Cabin,,not open,0,88.2,open,88.2,,
2027-04-27,Tue,Powered Motorhome Site,,not open,0,32.4,open,32.4,,
2027-04-27,Tue,Unpowered Tent Site,,not open,0,23.4,open,23.4,,
2027-04-28,Wed,2BR Chalet,,not open,0,144.0,open,144.0,,
2027-04-28,Wed,2BR Chalet Upgraded,,not open,0,162.0,open,162.0,,
2027-04-28,Wed,3BR Chalet,,not open,0,162.0,open,,,
2027-04-28,Wed,Powered Camper Trailer Site,,not open,0,32.4,open,32.4,,
2027-04-28,Wed,Powered Caravan Site,,not open,0,32.4,open,32.4,,
2027-04-28,Wed,Cedar Cabin,,not open,0,87.3,open,87.3,,
2027-04-28,Wed,Powered Motorhome Site,,not open,0,32.4,open,32.4,,
2027-04-28,Wed,Unpowered Tent Site,,not open,0,23.4,open,23.4,,
2027-04-29,Thu,2BR Chalet,,not open,0,150.3,open,150.3,,
2027-04-29,Thu,2BR Chalet Upgraded,,not open,0,168.3,open,168.3,,
2027-04-29,Thu,3BR Chalet,,not open,0,168.3,open,,,
2027-04-29,Thu,Powered Camper Trailer Site,,not open,0,33.3,open,33.3,,
2027-04-29,Thu,Powered Caravan Site,,not open,0,33.3,open,33.3,,
2027-04-29,Thu,Cedar Cabin,,not open,0,89.1,open,89.1,,
2027-04-29,Thu,Powered Motorhome Site,,not open,0,33.3,open,33.3,,
2027-04-29,Thu,Unpowered Tent Site,,not open,0,24.3,open,24.3,,
2027-04-30,Fri,2BR Chalet,,not open,0,159.3,open,159.3,,
2027-04-30,Fri,2BR Chalet Upgraded,,not open,0,177.3,open,177.3,,
2027-04-30,Fri,3BR Chalet,,not open,0,177.3,open,,,
2027-04-30,Fri,Powered Camper Trailer Site,,not open,0,37.8,open,37.8,,
2027-04-30,Fri,Powered Caravan Site,,not open,0,37.8,open,37.8,,
2027-04-30,Fri,Cedar Cabin,,not open,0,114.3,open,114.3,,
2027-04-30,Fri,Powered Motorhome Site,,not open,0,37.8,open,37.8,,
2027-04-30,Fri,Unpowered Tent Site,,not open,0,28.8,open,28.8,,
2027-05-01,Sat,2BR Chalet,,not open,0,155.7,open,155.7,,
2027-05-01,Sat,2BR Chalet Upgraded,,not open,0,173.7,open,173.7,,
2027-05-01,Sat,3BR Chalet,,not open,0,173.7,open,,,
2027-05-01,Sat,Powered Camper Trailer Site,,not open,0,31.5,open,31.5,,
2027-05-01,Sat,Powered Caravan Site,,not open,0,31.5,open,31.5,,
2027-05-01,Sat,Cedar Cabin,,not open,0,111.6,open,111.6,,
2027-05-01,Sat,Powered Motorhome Site,,not open,0,31.5,open,31.5,,
2027-05-01,Sat,Unpowered Tent Site,,not open,0,22.5,open,22.5,,
2027-05-02,Sun,2BR Chalet,,not open,0,134.1,open,134.1,,
2027-05-02,Sun,2BR Chalet Upgraded,,not open,0,152.1,open,152.1,,
2027-05-02,Sun,3BR Chalet,,not open,0,152.1,open,,,
2027-05-02,Sun,Powered Camper Trailer Site,,not open,0,27.9,open,27.9,,
2027-05-02,Sun,Powered Caravan Site,,not open,0,27.9,open,27.9,,
2027-05-02,Sun,Cedar Cabin,,not open,0,90.9,open,90.9,,
2027-05-02,Sun,Powered Motorhome Site,,not open,0,27.9,open,27.9,,
2027-05-02,Sun,Unpowered Tent Site,,not open,0,18.9,open,18.9,,
2027-05-03,Mon,2BR Chalet,,not open,0,134.1,open,134.1,,
2027-05-03,Mon,2BR Chalet Upgraded,,not open,0,152.1,open,152.1,,
2027-05-03,Mon,3BR Chalet,,not open,0,152.1,open,,,
2027-05-03,Mon,Powered Camper Trailer Site,,not open,0,27.9,open,27.9,,
2027-05-03,Mon,Powered Caravan Site,,not open,0,27.9,open,27.9,,
2027-05-03,Mon,Cedar Cabin,,not open,0,89.1,open,89.1,,
2027-05-03,Mon,Powered Motorhome Site,,not open,0,27.9,open,27.9,,
2027-05-03,Mon,Unpowered Tent Site,,not open,0,18.9,open,18.9,,
2027-05-04,Tue,2BR Chalet,,not open,0,134.1,open,134.1,,
2027-05-04,Tue,2BR Chalet Upgraded,,not open,0,152.1,open,152.1,,
2027-05-04,Tue,3BR Chalet,,not open,0,152.1,open,,,
2027-05-04,Tue,Powered Camper Trailer Site,,not open,0,30.6,open,30.6,,
2027-05-04,Tue,Powered Caravan Site,,not open,0,30.6,open,30.6,,
2027-05-04,Tue,Cedar Cabin,,not open,0,88.2,open,88.2,,
2027-05-04,Tue,Powered Motorhome Site,,not open,0,30.6,open,30.6,,
2027-05-04,Tue,Unpowered Tent Site,,not open,0,21.6,open,21.6,,
2027-05-05,Wed,2BR Chalet,,not open,0,134.1,open,134.1,,
2027-05-05,Wed,2BR Chalet Upgraded,,not open,0,152.1,open,152.1,,
2027-05-05,Wed,3BR Chalet,,not open,0,152.1,open,,,
2027-05-05,Wed,Powered Camper Trailer Site,,not open,0,30.6,open,30.6,,
2027-05-05,Wed,Powered Caravan Site,,not open,0,30.6,open,30.6,,
2027-05-05,Wed,Cedar Cabin,,not open,0,88.2,open,88.2,,
2027-05-05,Wed,Powered Motorhome Site,,not open,0,30.6,open,30.6,,
2027-05-05,Wed,Unpowered Tent Site,,not open,0,21.6,open,21.6,,
2027-05-06,Thu,2BR Chalet,,not open,0,134.1,open,134.1,,
2027-05-06,Thu,2BR Chalet Upgraded,,not open,0,152.1,open,152.1,,
2027-05-06,Thu,3BR Chalet,,not open,0,152.1,open,,,
2027-05-06,Thu,Powered Camper Trailer Site,,not open,0,31.5,open,31.5,,
2027-05-06,Thu,Powered Caravan Site,,not open,0,31.5,open,31.5,,
2027-05-06,Thu,Cedar Cabin,,not open,0,90.0,open,90.0,,
2027-05-06,Thu,Powered Motorhome Site,,not open,0,31.5,open,31.5,,
2027-05-06,Thu,Unpowered Tent Site,,not open,0,22.5,open,22.5,,
2027-05-07,Fri,2BR Chalet,,not open,0,153.9,open,153.9,,
2027-05-07,Fri,2BR Chalet Upgraded,,not open,0,171.9,open,171.9,,
2027-05-07,Fri,3BR Chalet,,not open,0,171.9,open,,,
2027-05-07,Fri,Powered Camper Trailer Site,,not open,0,32.4,open,32.4,,
2027-05-07,Fri,Powered Caravan Site,,not open,0,32.4,open,32.4,,
2027-05-07,Fri,Cedar Cabin,,not open,0,112.5,open,112.5,,
2027-05-07,Fri,Powered Motorhome Site,,not open,0,32.4,open,32.4,,
2027-05-07,Fri,Unpowered Tent Site,,not open,0,23.4,open,23.4,,
2027-05-08,Sat,2BR Chalet,,not open,0,144.9,open,144.9,,
2027-05-08,Sat,2BR Chalet Upgraded,,not open,0,162.9,open,162.9,,
2027-05-08,Sat,3BR Chalet,,not open,0,162.9,open,,,
2027-05-08,Sat,Powered Camper Trailer Site,,not open,0,32.4,open,32.4,,
2027-05-08,Sat,Powered Caravan Site,,not open,0,32.4,open,32.4,,
2027-05-08,Sat,Cedar Cabin,,not open,0,115.2,open,115.2,,
2027-05-08,Sat,Powered Motorhome Site,,not open,0,32.4,open,32.4,,
2027-05-08,Sat,Unpowered Tent Site,,not open,0,23.4,open,23.4,,
2027-05-09,Sun,2BR Chalet,,not open,0,134.1,open,134.1,,
2027-05-09,Sun,2BR Chalet Upgraded,,not open,0,152.1,open,152.1,,
2027-05-09,Sun,3BR Chalet,,not open,0,152.1,open,,,
2027-05-09,Sun,Powered Camper Trailer Site,,not open,0,31.5,open,31.5,,
2027-05-09,Sun,Powered Caravan Site,,not open,0,31.5,open,31.5,,
2027-05-09,Sun,Cedar Cabin,,not open,0,90.9,open,90.9,,
2027-05-09,Sun,Powered Motorhome Site,,not open,0,31.5,open,31.5,,
2027-05-09,Sun,Unpowered Tent Site,,not open,0,22.5,open,22.5,,
2027-05-10,Mon,2BR Chalet,,not open,0,134.1,open,134.1,,
2027-05-10,Mon,2BR Chalet Upgraded,,not open,0,152.1,open,152.1,,
2027-05-10,Mon,3BR Chalet,,not open,0,152.1,open,,,
2027-05-10,Mon,Powered Camper Trailer Site,,not open,0,30.6,open,30.6,,
2027-05-10,Mon,Powered Caravan Site,,not open,0,30.6,open,30.6,,
2027-05-10,Mon,Cedar Cabin,,not open,0,89.1,open,89.1,,
2027-05-10,Mon,Powered Motorhome Site,,not open,0,30.6,open,30.6,,
2027-05-10,Mon,Unpowered Tent Site,,not open,0,21.6,open,21.6,,
2027-05-11,Tue,2BR Chalet,,not open,0,134.1,open,134.1,,
2027-05-11,Tue,2BR Chalet Upgraded,,not open,0,152.1,open,152.1,,
2027-05-11,Tue,3BR Chalet,,not open,0,152.1,open,,,
2027-05-11,Tue,Powered Camper Trailer Site,,not open,0,30.6,open,30.6,,
2027-05-11,Tue,Powered Caravan Site,,not open,0,30.6,open,30.6,,
2027-05-11,Tue,Cedar Cabin,,not open,0,88.2,open,88.2,,
2027-05-11,Tue,Powered Motorhome Site,,not open,0,30.6,open,30.6,,
2027-05-11,Tue,Unpowered Tent Site,,not open,0,21.6,open,21.6,,
2027-05-12,Wed,2BR Chalet,,not open,0,134.1,open,134.1,,
2027-05-12,Wed,2BR Chalet Upgraded,,not open,0,152.1,open,152.1,,
2027-05-12,Wed,3BR Chalet,,not open,0,152.1,open,,,
2027-05-12,Wed,Powered Camper Trailer Site,,not open,0,30.6,open,30.6,,
2027-05-12,Wed,Powered Caravan Site,,not open,0,30.6,open,30.6,,
2027-05-12,Wed,Cedar Cabin,,not open,0,88.2,open,88.2,,
2027-05-12,Wed,Powered Motorhome Site,,not open,0,30.6,open,30.6,,
2027-05-12,Wed,Unpowered Tent Site,,not open,0,21.6,open,21.6,,
2027-05-13,Thu,2BR Chalet,,not open,0,134.1,open,134.1,,
2027-05-13,Thu,2BR Chalet Upgraded,,not open,0,152.1,open,152.1,,
2027-05-13,Thu,3BR Chalet,,not open,0,152.1,open,,,
2027-05-13,Thu,Powered Camper Trailer Site,,not open,0,30.6,open,30.6,,
2027-05-13,Thu,Powered Caravan Site,,not open,0,30.6,open,30.6,,
2027-05-13,Thu,Cedar Cabin,,not open,0,90.0,open,90.0,,
2027-05-13,Thu,Powered Motorhome Site,,not open,0,30.6,open,30.6,,
2027-05-13,Thu,Unpowered Tent Site,,not open,0,21.6,open,21.6,,
2027-05-14,Fri,2BR Chalet,,not open,0,153.9,open,153.9,,
2027-05-14,Fri,2BR Chalet Upgraded,,not open,0,171.9,open,171.9,,
2027-05-14,Fri,3BR Chalet,,not open,0,171.9,open,,,
2027-05-14,Fri,Powered Camper Trailer Site,,not open,0,31.5,open,31.5,,
2027-05-14,Fri,Powered Caravan Site,,not open,0,31.5,open,31.5,,
2027-05-14,Fri,Cedar Cabin,,not open,0,112.5,open,112.5,,
2027-05-14,Fri,Powered Motorhome Site,,not open,0,31.5,open,31.5,,
2027-05-14,Fri,Unpowered Tent Site,,not open,0,22.5,open,22.5,,
2027-05-15,Sat,2BR Chalet,,not open,0,145.8,open,145.8,,
2027-05-15,Sat,2BR Chalet Upgraded,,not open,0,163.8,open,163.8,,
2027-05-15,Sat,3BR Chalet,,not open,0,163.8,open,,,
2027-05-15,Sat,Powered Camper Trailer Site,,not open,0,32.4,open,32.4,,
2027-05-15,Sat,Powered Caravan Site,,not open,0,32.4,open,32.4,,
2027-05-15,Sat,Cedar Cabin,,not open,0,115.2,open,115.2,,
2027-05-15,Sat,Powered Motorhome Site,,not open,0,32.4,open,32.4,,
2027-05-15,Sat,Unpowered Tent Site,,not open,0,23.4,open,23.4,,
2027-05-16,Sun,2BR Chalet,,not open,0,134.1,open,134.1,,
2027-05-16,Sun,2BR Chalet Upgraded,,not open,0,152.1,open,152.1,,
2027-05-16,Sun,3BR Chalet,,not open,0,152.1,open,,,
2027-05-16,Sun,Powered Camper Trailer Site,,not open,0,31.5,open,31.5,,
2027-05-16,Sun,Powered Caravan Site,,not open,0,31.5,open,31.5,,
2027-05-16,Sun,Cedar Cabin,,not open,0,91.8,open,91.8,,
2027-05-16,Sun,Powered Motorhome Site,,not open,0,31.5,open,31.5,,
2027-05-16,Sun,Unpowered Tent Site,,not open,0,22.5,open,22.5,,
2027-05-17,Mon,2BR Chalet,,not open,0,134.1,open,134.1,,
2027-05-17,Mon,2BR Chalet Upgraded,,not open,0,152.1,open,152.1,,
2027-05-17,Mon,3BR Chalet,,not open,0,152.1,open,,,
2027-05-17,Mon,Powered Camper Trailer Site,,not open,0,30.6,open,30.6,,
2027-05-17,Mon,Powered Caravan Site,,not open,0,30.6,open,30.6,,
2027-05-17,Mon,Cedar Cabin,,not open,0,89.1,open,89.1,,
2027-05-17,Mon,Powered Motorhome Site,,not open,0,30.6,open,30.6,,
2027-05-17,Mon,Unpowered Tent Site,,not open,0,21.6,open,21.6,,
2027-05-18,Tue,2BR Chalet,,not open,0,134.1,open,134.1,,
2027-05-18,Tue,2BR Chalet Upgraded,,not open,0,152.1,open,152.1,,
2027-05-18,Tue,3BR Chalet,,not open,0,152.1,open,,,
2027-05-18,Tue,Powered Camper Trailer Site,,not open,0,30.6,open,30.6,,
2027-05-18,Tue,Powered Caravan Site,,not open,0,30.6,open,30.6,,
2027-05-18,Tue,Cedar Cabin,,not open,0,89.1,open,89.1,,
2027-05-18,Tue,Powered Motorhome Site,,not open,0,30.6,open,30.6,,
2027-05-18,Tue,Unpowered Tent Site,,not open,0,21.6,open,21.6,,
2027-05-19,Wed,2BR Chalet,,not open,0,134.1,open,134.1,,
2027-05-19,Wed,2BR Chalet Upgraded,,not open,0,152.1,open,152.1,,
2027-05-19,Wed,3BR Chalet,,not open,0,152.1,open,,,
2027-05-19,Wed,Powered Camper Trailer Site,,not open,0,30.6,open,30.6,,
2027-05-19,Wed,Powered Caravan Site,,not open,0,30.6,open,30.6,,
2027-05-19,Wed,Cedar Cabin,,not open,0,89.1,open,89.1,,
2027-05-19,Wed,Powered Motorhome Site,,not open,0,30.6,open,30.6,,
2027-05-19,Wed,Unpowered Tent Site,,not open,0,21.6,open,21.6,,
2027-05-20,Thu,2BR Chalet,,not open,0,134.1,open,134.1,,
2027-05-20,Thu,2BR Chalet Upgraded,,not open,0,152.1,open,152.1,,
2027-05-20,Thu,3BR Chalet,,not open,0,152.1,open,,,
2027-05-20,Thu,Powered Camper Trailer Site,,not open,0,31.5,open,31.5,,
2027-05-20,Thu,Powered Caravan Site,,not open,0,31.5,open,31.5,,
2027-05-20,Thu,Cedar Cabin,,not open,0,90.0,open,90.0,,
2027-05-20,Thu,Powered Motorhome Site,,not open,0,31.5,open,31.5,,
2027-05-20,Thu,Unpowered Tent Site,,not open,0,22.5,open,22.5,,
2027-05-21,Fri,2BR Chalet,,not open,0,154.8,open,154.8,,
2027-05-21,Fri,2BR Chalet Upgraded,,not open,0,172.8,open,172.8,,
2027-05-21,Fri,3BR Chalet,,not open,0,172.8,open,,,
2027-05-21,Fri,Powered Camper Trailer Site,,not open,0,32.4,open,32.4,,
2027-05-21,Fri,Powered Caravan Site,,not open,0,32.4,open,32.4,,
2027-05-21,Fri,Cedar Cabin,,not open,0,113.4,open,113.4,,
2027-05-21,Fri,Powered Motorhome Site,,not open,0,32.4,open,32.4,,
2027-05-21,Fri,Unpowered Tent Site,,not open,0,23.4,open,23.4,,
2027-05-22,Sat,2BR Chalet,,not open,0,146.7,open,146.7,,
2027-05-22,Sat,2BR Chalet Upgraded,,not open,0,164.7,open,164.7,,
2027-05-22,Sat,3BR Chalet,,not open,0,164.7,open,,,
2027-05-22,Sat,Powered Camper Trailer Site,,not open,0,32.4,open,32.4,,
2027-05-22,Sat,Powered Caravan Site,,not open,0,32.4,open,32.4,,
2027-05-22,Sat,Cedar Cabin,,not open,0,116.1,open,116.1,,
2027-05-22,Sat,Powered Motorhome Site,,not open,0,32.4,open,32.4,,
2027-05-22,Sat,Unpowered Tent Site,,not open,0,23.4,open,23.4,,
2027-05-23,Sun,2BR Chalet,,not open,0,134.1,open,134.1,,
2027-05-23,Sun,2BR Chalet Upgraded,,not open,0,152.1,open,152.1,,
2027-05-23,Sun,3BR Chalet,,not open,0,152.1,open,,,
2027-05-23,Sun,Powered Camper Trailer Site,,not open,0,31.5,open,31.5,,
2027-05-23,Sun,Powered Caravan Site,,not open,0,31.5,open,31.5,,
2027-05-23,Sun,Cedar Cabin,,not open,0,92.7,open,92.7,,
2027-05-23,Sun,Powered Motorhome Site,,not open,0,31.5,open,31.5,,
2027-05-23,Sun,Unpowered Tent Site,,not open,0,22.5,open,22.5,,
2027-05-24,Mon,2BR Chalet,,not open,0,134.1,open,134.1,,
2027-05-24,Mon,2BR Chalet Upgraded,,not open,0,152.1,open,152.1,,
2027-05-24,Mon,3BR Chalet,,not open,0,152.1,open,,,
2027-05-24,Mon,Powered Camper Trailer Site,,not open,0,27.9,open,27.9,,
2027-05-24,Mon,Powered Caravan Site,,not open,0,27.9,open,27.9,,
2027-05-24,Mon,Cedar Cabin,,not open,0,91.8,open,91.8,,
2027-05-24,Mon,Powered Motorhome Site,,not open,0,27.9,open,27.9,,
2027-05-24,Mon,Unpowered Tent Site,,not open,0,18.9,open,18.9,,
2027-05-25,Tue,2BR Chalet,,not open,0,134.1,open,134.1,,
2027-05-25,Tue,2BR Chalet Upgraded,,not open,0,152.1,open,152.1,,
2027-05-25,Tue,3BR Chalet,,not open,0,152.1,open,,,
2027-05-25,Tue,Powered Camper Trailer Site,,not open,0,27.9,open,27.9,,
2027-05-25,Tue,Powered Caravan Site,,not open,0,27.9,open,27.9,,
2027-05-25,Tue,Cedar Cabin,,not open,0,91.8,open,91.8,,
2027-05-25,Tue,Powered Motorhome Site,,not open,0,27.9,open,27.9,,
2027-05-25,Tue,Unpowered Tent Site,,not open,0,18.9,open,18.9,,
2027-05-26,Wed,2BR Chalet,,not open,0,134.1,open,134.1,,
2027-05-26,Wed,2BR Chalet Upgraded,,not open,0,152.1,open,152.1,,
2027-05-26,Wed,3BR Chalet,,not open,0,152.1,open,,,
2027-05-26,Wed,Powered Camper Trailer Site,,not open,0,27.9,open,27.9,,
2027-05-26,Wed,Powered Caravan Site,,not open,0,27.9,open,27.9,,
2027-05-26,Wed,Cedar Cabin,,not open,0,91.8,open,91.8,,
2027-05-26,Wed,Powered Motorhome Site,,not open,0,27.9,open,27.9,,
2027-05-26,Wed,Unpowered Tent Site,,not open,0,18.9,open,18.9,,
2027-05-27,Thu,2BR Chalet,,not open,0,134.1,open,134.1,,
2027-05-27,Thu,2BR Chalet Upgraded,,not open,0,152.1,open,152.1,,
2027-05-27,Thu,3BR Chalet,,not open,0,152.1,open,,,
2027-05-27,Thu,Powered Camper Trailer Site,,not open,0,28.8,open,28.8,,
2027-05-27,Thu,Powered Caravan Site,,not open,0,28.8,open,28.8,,
2027-05-27,Thu,Cedar Cabin,,not open,0,92.7,open,92.7,,
2027-05-27,Thu,Powered Motorhome Site,,not open,0,28.8,open,28.8,,
2027-05-27,Thu,Unpowered Tent Site,,not open,0,19.8,open,19.8,,
2027-05-28,Fri,2BR Chalet,,not open,0,147.6,open,147.6,,
2027-05-28,Fri,2BR Chalet Upgraded,,not open,0,165.6,open,165.6,,
2027-05-28,Fri,3BR Chalet,,not open,0,165.6,open,,,
2027-05-28,Fri,Powered Camper Trailer Site,,not open,0,33.3,open,33.3,,
2027-05-28,Fri,Powered Caravan Site,,not open,0,33.3,open,33.3,,
2027-05-28,Fri,Cedar Cabin,,not open,0,115.2,open,115.2,,
2027-05-28,Fri,Powered Motorhome Site,,not open,0,33.3,open,33.3,,
2027-05-28,Fri,Unpowered Tent Site,,not open,0,24.3,open,24.3,,
2027-05-29,Sat,2BR Chalet,,not open,0,155.7,open,155.7,,
2027-05-29,Sat,2BR Chalet Upgraded,,not open,0,173.7,open,173.7,,
2027-05-29,Sat,3BR Chalet,,not open,0,173.7,open,,,
2027-05-29,Sat,Powered Camper Trailer Site,,not open,0,34.2,open,34.2,,
2027-05-29,Sat,Powered Caravan Site,,not open,0,34.2,open,34.2,,
2027-05-29,Sat,Cedar Cabin,,not open,0,113.4,open,113.4,,
2027-05-29,Sat,Powered Motorhome Site,,not open,0,34.2,open,34.2,,
2027-05-29,Sat,Unpowered Tent Site,,not open,0,25.2,open,25.2,,
2027-05-30,Sun,2BR Chalet,,not open,0,137.7,open,137.7,,
2027-05-30,Sun,2BR Chalet Upgraded,,not open,0,155.7,open,155.7,,
2027-05-30,Sun,3BR Chalet,,not open,0,155.7,open,,,
2027-05-30,Sun,Powered Camper Trailer Site,,not open,0,31.5,open,31.5,,
2027-05-30,Sun,Powered Caravan Site,,not open,0,31.5,open,31.5,,
2027-05-30,Sun,Cedar Cabin,,not open,0,87.3,open,87.3,,
2027-05-30,Sun,Powered Motorhome Site,,not open,0,31.5,open,31.5,,
2027-05-30,Sun,Unpowered Tent Site,,not open,0,22.5,open,22.5,,
2027-05-31,Mon,2BR Chalet,,not open,0,152.1,open,152.1,,
2027-05-31,Mon,2BR Chalet Upgraded,,not open,0,170.1,open,170.1,,
2027-05-31,Mon,3BR Chalet,,not open,0,170.1,open,,,
2027-05-31,Mon,Powered Camper Trailer Site,,not open,0,34.2,open,34.2,,
2027-05-31,Mon,Powered Caravan Site,,not open,0,34.2,open,34.2,,
2027-05-31,Mon,Cedar Cabin,,not open,0,90.0,open,90.0,,
2027-05-31,Mon,Powered Motorhome Site,,not open,0,34.2,open,34.2,,
2027-05-31,Mon,Unpowered Tent Site,,not open,0,25.2,open,25.2,,
